,,,,DA-WT,DA-T5.54M-C6.47L,DA-L6.41M,DA-L3.41G,DA-F6.44M,DA-I4.46N,DA-L3.41H,DA-WT-barr2,DA-L3.41G-barr2,DA-F6.44M-barr2,DA-I4.46N-barr2,DA-L6.41M-barr2,DA-L3.41H-barr2,DA-T5.54M-C6.47L-barr2,BRC-WT,BRC-T5.54M-C6.47L,BRC-L6.41M,BRC-L3.41G,BRC-F6.44M,BRC-I4.46N,BRC-F6.44I,BRC-L3.41H,BRC-WT-barr2,BRC-L3.41G-barr2,BRC-F6.44M-barr2,BRC-I4.46N-barr2,BRC-L6.41M-barr2,Inactive-RIS
Residue,Residue (Ref),Position,GPCR Ref,Gpi score1,Gpi score2,Gpi score3,Gpi score4,Gpi score5,Gpi score6,Gpi score7,Gpi score8,Gpi score9,Gpi score10,Gpi score11,Gpi score12,Gpi score13,Gpi score14,Gpi score1,Gpi score2,Gpi score3,Gpi score4,Gpi score5,Gpi score6,Gpi score7,Gpi score8,Gpi score9,Gpi score10,Gpi score11,Gpi score12,Gpi score13,Gpi score14
1,P32 (1.30),32,1.30,0,0,0,0,0,0,0,0,0,0,0,0,0,0,0,0,0,0,0,0,0,0,0,0,0,0,0,0
2,H33 (1.31),33,1.31,0,0,0,0,0,0,0,0,0,0,0,0,0,0,0,0,0,0,0,0,0,0,0,0,0,0,0,0
3,Y34 (1.32),34,1.32,0,0,0,0,0,0,0,0,0,0,0,0,0,0,0,0,0,0,0,0,0,0,0,0,0,0,0,0
4,N35 (1.33),35,1.33,0,0,0,0,0,0,0,0,0,0,0,0,0,0,0,0,0,0,0,0,0,0,0,0,0,0,0,0
5,Y36 (1.34),36,1.34,16.2538069,28.87180611,13.53767718,11.11002459,16.09126616,23.63586629,18.48392419,13.33672841,26.99834142,23.69959035,15.99728423,14.61847953,13.44472134,15.36369036,28.38961881,37.98713113,14.17682952,22.33201325,34.87364647,15.71452465,11.27687648,9.731999728,17.19758758,14.40418265,11.97607444,12.86536993,10.66764788,14.21966384
6,Y37 (1.35),37,1.35,7.776730436,21.18577832,16.7519667,3.1314551,0.9470240408,16.30505742,1.529576089,5.094928634,63.31426957,11.09816113,27.13309055,5.932579168,23.67979116,28.88445606,11.37469064,20.80612831,2.282077341,3.644607968,23.64094516,19.61314762,5.989299299,4.233552096,25.34610321,2.640078983,3.924642192,32.62971729,22.47520562,124.5805982
7,A38 (1.36),38,1.36,0,0,1.37070898,0,0,0,0,0,0,0.7715367841,0,0,0,0.1535291229,0,0,0,0,24.3564403,0.7275937522,0.6311742023,0,0,0,2.431772913,0.1909368624,0.7970372059,0
8,T39 (1.37),39,1.37,0,0,0,0,0,0,0,1.273893858,1.888220147,1.682549627,0,0.5623202877,1.571959453,0.3137297414,0,0,0,0,0.2198863736,50.15477766,0,0,0.4697540713,0,1.742052591,0.2466431785,0.606395616,0
9,L40 (1.38),40,1.38,4.136690447,0.9131236842,13.97726928,0,0.8077157563,0.5349124457,0,0.1077250506,0.1198243853,23.25198886,0.525169526,14.02664316,0.2369776548,0.4887015259,32.33438548,37.70282985,19.86482159,22.57593177,2.712583463,0.5903995244,0,0.9595351956,0,0,3.584998595,0.09269041012,0.0918858586,0.8049775095
10,L41 (1.39),41,1.39,36.67601154,29.78522421,3.152202581,329.4379323,24.7732074,43.32684435,20.32844953,9.999769651,40.50568679,22.8484414,34.54122362,7.996707836,32.2243985,34.01721075,2.315424649,4.902426875,0.4419208561,2.393510778,27.78529403,3.201938541,22.00491755,48.40511175,25.89028946,6.761051427,13.33320395,38.22608227,25.33766717,1.061984478
11,T42 (1.40),42,1.40,0,21.18577832,0,0,0,17.12470824,1.529576089,0,0,2.644590216,0,0,0,0.8030567748,10.86570139,20.52846509,0,3.644607968,0,0,1.516398653,0.1477138043,0,0,3.694189281,0,0.4086003966,0.5001353228
12,L43 (1.41),43,1.41,0,0,16.7519667,0,0,0,0,0,0.6711733406,0,0,0.4889583725,0,0.09931273823,0,0,0,0,13.22144834,0,0.6311742023,0.2729948197,0,0,0,0,0,0.9949444208
13,L44 (1.42),44,1.42,7.4509456,0.3327490376,18.50018084,2.59885757,1.906023804,0,0,0.1077250506,0.1198243853,23.25198886,0.525169526,14.02664316,0.8373110076,0.5652312288,42.35733113,45.70933545,25.32760153,23.94935822,7.386567965,70.31154513,5.616991986,16.84855023,0.3403470416,0.6768273229,8.978244688,1.103312638,0.5740018012,3.359245019
14,I45 (1.43),45,1.43,0,2.578132985,0.1993116003,0.6045521404,2.778261589,61.59133073,0,0,0.6796186338,0,0.5032030119,0.4428306,0.3739662129,0.08462540276,0,0,0,0,1.594335715,0,0,3.417104773,1.137897071,2.853589235,1.001383071,0,5.024381218,0
15,A46 (1.44),46,1.44,0,0,0,0,0,0,0,0,0,0,0,0,0,0,0,0,0,2.393510778,0,0,0,0,0,0.1146572335,0,0,0,0
16,V47 (1.45),47,1.45,0,0,0,0,0,0,0,0,0.6711733406,0,0.7607994871,0,0,0.1088926885,14.13714476,20.52846509,0.4391605455,3.644607968,0,0,1.516398653,0.1477138043,0,0.09601928545,0,0.1763735851,0,0.6367767046
17,I48 (1.46),48,1.46,0.6801158925,21.18577832,17.65886873,0,2.164269095,17.12470824,4.289085579,0,0,6.469398744,3.189881274,0.4889583725,0.1127086992,1.301751312,0,0.1402662033,0,0,15.14984648,0.515979072,0.6311742023,0.4009227284,3.706602121,0,7.103285767,2.367150829,0.5030691941,0.9949444208
18,V49 (1.47),49,1.47,0,0,0,0,0,0,0,0,1.744816935,0,0,0,0,0,0,0,0,1.190880569,0,0,0.1493560129,0.1352459047,0,0,0,0,0,0
19,F50 (1.48),50,1.48,0.3270333098,3.664208413,0.2421886258,2.780366263,2.147823783,0,0.7948096568,0.09703633864,0,0.1827902241,2.00511662,0.4472748857,0.2686412772,0.2032458158,1.181069692,26.58230451,11.74718814,3.371559228,4.550368379,1.49285698,1.01078105,12.28119584,0.9256393251,6.026193256,2.86839363,0.4810095311,1.022572954,1.007187857
20,G51 (1.49),51,1.49,0,0,0,0,0,0,0,0,0,0,0,0,0,0,0,0,0,2.393510778,0,0,0,0,0,0,0,0,0,0
21,N52 (1.50),52,1.50,8.901376237,35.49214005,1.602369151,4.061965135,11.04573642,9.414477824,0.5603712656,4.395908436,0,1.209206508,4.034288352,2.336326087,0.7856658145,3.162149279,14.43398838,8.384015445,16.91085102,16.91631222,17.70656289,6.246902175,25.51666044,37.32121777,0.7339580092,0.3457433157,7.748255951,2.443920005,2.78814458,2.445323371
22,V53 (1.51),53,1.51,0,0,0,0,0,0,0,0.08792564048,0,0,0,0.7515045071,0,0,0,5.424895576,0,2.004155393,0,0,0,0,0,0,0,0,0.1003908664,0
23,L54 (1.52),54,1.52,4.067337596,2.9859812,3.557318203,1.204769161,0.9282800172,0.1576490096,0,0,0,1.854065337,6.121888408,2.37277538,0.07830368388,0.1406637555,3.446803845,30.8052309,14.98348169,3.006972922,32.47471697,1.546834827,0.6065585731,23.23088094,0.08955782273,0.09882912697,0,0.5693418168,0.3520274545,0.0841086833
24,V55 (1.53),55,1.53,0,0,6.403574686,0,1.616190464,0,0,0.09419187043,0,0.1177002366,0.7344252838,0,3.323298486,0.1665406859,0.5158324476,0,0.9677564788,0,0,1.109465969,0.2726780681,1.086993721,2.589336027,0.9113128105,1.709480115,0,0.2629913375,3.058344934
25,C56 (1.54),56,1.54,0,0.3438476218,0,0,0,0,0,0,0,0,0,0,0,0.6326940471,1.312391143,0.5794738482,0,0.3336317187,0,0,0.5608478312,0.1315054058,0,0,0,0,0,0
26,M57 (1.55),57,1.55,1.250036584,5.603378953,1.237755263,0,1.929977317,1.353325246,1.464858768,0.6102081545,0.9616922752,0,0.6235084497,0.5892306321,0.9866436494,0.3102123877,0.3026515652,8.301958184,3.854804095,3.700860253,1.715913105,0.1294184033,0.7138645991,3.683779531,0.7369893225,1.329979422,1.820906889,1.160499194,0.6888519156,0.5093424506
27,A58 (1.56),58,1.56,1.296541823,0,0,0.5631675081,4.226564477,0,1.463802634,4.359605937,0,0,0,0,1.078747644,0.2351573578,0,0,0,0,0.4868710618,0,0,3.041743583,0.1776224118,0.3457433157,0.2593481141,0.2920516445,0,3.17944083
28,V59 (1.57),59,1.57,14.64306145,11.16971821,9.314727985,41.01475158,53.09949657,58.25324648,38.41757841,0,0,0.3983516319,0,0.7263910359,0,0.06525627578,12.98358086,49.35320623,43.39666691,15.58651343,395.3770234,19.65107696,4.516955898,34.04704924,0,0,0,0.0778076515,0.1075159711,0
29,S60 (1.58),60,1.58,24.36235381,39.26679802,56.82475318,15.94533292,59.51697106,3.571653098,26.54690273,0.09419187043,0,0.3048819044,0,0.8059556674,0.1224218693,0.1665406859,10.59291251,19.32109422,7.49390322,27.18725786,11.09784528,4.575848507,6.360564694,10.30880062,0.4496109153,0,4.120717514,0,0.3973020755,4.353504625
30,R61 (1.59),61,1.59,61.40622082,50.51410603,327.4225528,19.91598421,196.4178066,35.74852248,187.9821045,13.02715764,1.103980377,7.580275236,23.38141983,32.24371245,36.31206749,5.801091124,45.3042399,101.4411257,22.82098848,101.7532721,22.92165132,14.42768005,41.66524552,77.1929666,6.247039109,23.05483651,12.89072023,14.25744323,19.18049183,20.30851177
31,E62 (1.60),62,1.60,23.10571781,3.876100149,19.74924522,9.593988965,13.38674847,6.262485087,20.29191807,18.98682784,6.072260198,5.603839178,17.54961271,3.291976925,14.7560974,8.615190188,16.32972058,24.42873917,31.05970484,20.06768361,7.423519637,1.860056732,20.49719678,3.60251401,8.686689344,30.37887171,4.03300071,15.38087315,26.27960224,2.334782704
32,K63 (ICL1),63,ICL1,129.7617643,2.162156371,292.83528,17.9256563,8.622381611,12.57387711,14.58193323,0.5794130474,0,0,3.445142397,0.7122638219,0,0,40.11241443,45.0056733,12.1998682,68.26957657,15.56686009,4.524801528,61.28953638,31.78395539,0,0,0,0,2.092968389,0
33,A64 (ICL1),64,ICL1,9.348060259,1.311662301,36.84882492,12.45651383,17.04137615,1.078423828,2.127305553,1.692530329,0,0,8.663281152,0,0,0,10.30746253,416.1088899,8.31745116,20.57322154,4.369648994,24.05327434,9.069729462,15.75891356,0,0,0,0,0,0
34,L65 (ICL1),65,ICL1,45.24822021,7.911546927,13.05938692,835.5359316,59.80898413,39.4509864,129.662906,8.85782529,4.971180749,4.454194552,55.52501785,39.96024068,30.11839828,3.233808936,21.78045576,28.19616382,66.5394668,20.50655598,12.53010077,5.242845049,394.4762285,217.838164,9.484320458,8.175941316,4.624962273,3.577895532,3.06781939,6.217211371
35,Q66 (ICL1),66,ICL1,14.09162007,16.45968324,13.62216252,10.74675732,1.793880699,0.6929757979,13.1964144,21.85666164,2.892401728,11.2871036,20.74616042,16.91307452,98.90129554,9.177271338,7.293949744,384.06395,3.420517632,4.627932917,20.25097194,53.3614876,11.90892476,6.772515089,7.290300659,0.9057715441,20.65889105,9.994441128,35.13447663,22.65087073
36,T67 (2.37),67,2.37,121.1205133,20.1253392,265.399019,742.222097,79.05378532,37.02168537,105.0216385,74.97075769,3.72115631,8.075286966,4.884442122,5.341157645,101.9993615,5.203400151,43.43845079,31.64913094,76.31206803,99.56228627,272.7757955,158.1047443,216.3231171,151.8197391,2.050240304,2.688581183,2.610664233,13.83781982,37.71674137,0.8482591825
37,T68 (2.38),68,2.38,0,358.9366178,7.926045932,6.131336187,8.592964056,0.5164290555,11.40716015,12.73055902,2.726229519,19.30276625,58.91122594,11.5630995,0.4025811043,6.843792678,13.28660425,0.1919329041,59.67990896,12.48075461,0.9319897581,3.65843186,8.609554927,8.903127442,5.489204253,3.762354045,1.581352016,1.901762061,7.46783599,4.516175798
38,T69 (2.39),69,2.39,29.69949462,244.8557246,51.08891769,95.30754614,484.0346748,51.92409965,618.3785297,11.19468468,7.746896843,36.58231799,58.4149841,20.29030023,17.2491022,13.46421195,98.97587564,9.137382886,49.3113277,419.8081139,63.01812541,50.2328705,94.17490547,58.42857984,20.56548032,7.214681877,71.91551528,40.16184063,18.79243074,18.47464859
39,N70 (2.40),70,2.40,0.7534755408,516.9149223,3.689285498,9.20693882,74.20977778,3.750023995,25.37160937,72.27586305,0.570086968,35.83252222,28.85201454,0.5259028846,21.12168768,22.60261693,51.63102303,100.8967538,90.02994374,159.1162476,5.556625792,45.83540263,24.78653415,38.69121479,9.320375455,1.444976764,22.32185455,35.846829,20.98123829,0.2867141317
40,Y71 (2.41),71,2.41,16.18597753,146.959386,12.04769558,19.58244768,18.57273639,10.37181762,18.76574579,2.746268011,2.371915261,6.764301865,6.561907015,5.088960535,4.659334564,4.671905502,16.87063074,11.84365207,5.944003193,117.8771761,66.33716574,168.7671001,12.79210197,15.33890765,14.43672895,4.478764601,8.502009934,7.076257713,2.879375372,8.516121511
41,L72 (2.42),72,2.42,0,3.794834759,0,0,3.750231461,2.696658951,7.018257115,0.3634038467,0.3413732593,2.831233124,1.338935914,8.357726554,0.1325088664,1.40812097,7.758504409,0.1360590953,10.49681641,0.1879223476,0,0.5135209517,1.729719538,0.7124184314,0.6265595703,1.913829602,1.551675239,0.1478847783,0.5274097449,0
42,I73 (2.43),73,2.43,0,0.7508241963,0,0.6739980286,7.854231656,0,0.813337981,0.5046071154,0.7369913399,12.50692158,12.18632426,12.04490892,1.443632357,3.510560878,13.8401885,35.38656994,1.698429351,62.76290295,1.974574307,13.67692861,12.496422,8.112847796,3.423126751,0.6570296884,4.417575819,4.940649342,4.641143963,2.589199424
43,V74 (2.44),74,2.44,0,0,0,0.6682547002,0,0.485039943,0,0,1.274660631,0.9232514117,4.914924111,0.7426121396,0.6583555298,0.06302034195,0.1465738332,2.621266854,1.15454164,8.013754214,2.636256539,0,0,2.561652105,3.217447357,0.08915454469,5.678464995,1.075293344,0.1336205455,0.8353629408
44,S75 (2.45),75,2.45,2.25672081,0,0,0,1.519935517,0.5683941151,63.34761747,0,0,0.4591832055,1.663390591,0,0,0,2.837538262,0.8211192376,1.992193217,2.240727242,0.4915731525,3.885420287,0,0.3189495205,0,0,0,0.1645370688,0,0.6506118273
45,L76 (2.46),76,2.46,1.10092577,0,4.899075435,0.1967827439,9.456097405,12.9841972,19.1511168,0.5865341781,20.3041467,0.6066242906,4.119785582,4.283090152,3.77103869,0.08493945198,40.58354051,80.76404254,3.42071368,1.127987385,10.5106857,103.1570566,1.506703487,20.73044805,0.3500532776,1.610396421,3.393456056,0.709147017,1.78541259,0.8375939216
46,A77 (2.47),77,2.47,0.2290980567,2.720932129,0,0,0,0.9136233132,0,0,0.5233567648,1.287247731,3.682160832,3.101163933,1.730995062,1.184708731,0,0,2.620120929,0,0,0.515979072,1.172670116,0.6438547703,6.182406576,1.258728695,0.9932471117,3.621548037,0.08170547968,0.6886177442
47,V78 (2.48),78,2.48,0,0,0,0,0,1.079660219,0,0,0,0,0,0,0.1325088664,0,3.141678925,0,0,0,0,0.1674511665,0,0,0.0946682949,0.1769638337,0,0.2108491938,0.08631443427,0
48,A79 (2.49),79,2.49,0,0,0,0,0.1443968984,0,0,0,0.505543189,1.430281543,9.43804601,0.1398523693,0.8385914533,0,5.66862118,30.94922336,0.1260407553,47.3421763,0,1.413647686,3.329538847,4.827060869,2.615170126,0.5181586513,0,0,0,1.618527105
49,D80 (2.50),80,2.50,5.285540788,17.24456864,11.23379901,1.945497861,10.03036627,5.982757383,13.67875448,7.365435785,2.587370069,21.60763406,82.01496956,26.87583628,5.202475776,5.379162681,4.30067061,7.63028687,13.16024273,10.27201831,22.21378888,6.412172625,89.11895608,9.221617698,10.5512226,0,6.026765455,5.66299572,0.2222390374,2.023916932
50,L81 (2.51),81,2.51,5.732987047,0,3.00388503,3.073293978,1.669650436,0.5683941151,135.0215139,0,0,0,0,2.037808399,0,0.06198823041,1.374769445,6.747413972,1.992193217,10.05815783,1.359413884,6.410885005,0.4957609964,0.116604534,0.1780125061,0.785617214,0.2853241637,0,0.1287259712,0
51,L82 (2.52),82,2.52,0,0.5664936932,0,0,0,1.270031642,0,0,0,0,1.793202609,0,1.538675792,0,0.3716139884,0,0,0,0,0,0,0,0,0.567147681,0.5888142361,0,0,0.2688649203
52,V83 (2.53),83,2.53,0,2.874383943,9.86527921,0.5985039891,0.1674440702,3.723065486,8.123380921,0.8897165225,21.98887829,11.35326038,4.912776282,3.101163933,2.989841477,1.515856941,0,0,1.802225868,0,0,4.934580818,1.172670116,3.125264399,6.997923753,1.258728695,4.100409553,4.850852822,2.952143198,0.948310619
53,A84 (2.54),84,2.54,0,6.62623726,0,0,0,38.83727982,0,0,0.1025765334,0,0,3.78697402,0.6262938649,0,69.75634128,1.934254163,0,2.124720866,0,4.501233785,1.897784476,17.35933473,0.0946682949,0.5015036092,0,0.08097406545,0.2852190012,0
54,T85 (2.55),85,2.55,0.1404182609,2.274547303,0.371753186,0,2.050971532,2.729292068,0,0.4556717761,0.6780201261,1.790116802,52.79018613,13.17362064,0.2303190961,2.045016375,0.5760394059,0.2342700342,1.570896856,0.2141846196,4.343391601,0,0.172762025,0.32163667,8.748890057,0.6739189448,0,1.211003454,0,0
55,L86 (2.56),86,2.56,0.1421004887,0.1632111701,0.2034986535,0,3.90931536,1.843758285,1.266457141,0.7522915383,1.23308931,1.711994335,1.105301682,1.495447635,3.253827738,1.552656813,0.5910639907,0,0,0,0.7333819495,0,0,0,2.386745758,7.526798609,0.5688131754,0.227436638,1.171288881,2.027546555
56,V87 (2.57),87,2.57,5.141132157,3.090009319,0.2543499295,0,2.122458175,2.733765348,0.3469329097,0.5542715973,1.875825947,4.946373292,1.577998991,2.395837668,4.623545767,1.734447106,0.7270043647,0,4.194229445,0,6.196706874,0,69.31642023,0,2.039972098,0.5033028738,0.9410860361,0.1675641215,0.8562269768,1.219887643
57,M88 (2.58),88,2.58,284.315704,32.96572708,433.5040526,27.04035342,435.2862063,15.00440881,127.4667858,44.08390817,21.70853494,97.73177675,14.78403013,11.32326225,28.44191354,53.31683564,1.602957889,16.15639989,10.83893776,9.945000261,402.1737414,13.89395662,29.56261683,7.036605132,64.03301876,4.87048009,16.27018532,110.403578,23.27332344,2.661202314
58,P89 (2.59),89,2.59,0.1380182146,6.778161556,6.589182582,0,0.1732191285,5.812329857,5.847879731,3.300858004,3.310325069,2.031771299,5.904817891,4.682806479,3.365746573,1.372085021,0,0,1.802225868,0,0.9565786088,0,1.379447682,0.4314127218,12.3853905,6.295698121,3.046432818,2.485410894,4.044418993,0.9896730838
59,W90 (2.60),90,2.60,0.5815265528,1.835566613,419.4193625,0,42.74068433,39.41755418,77.11196166,16.64784531,56.24090887,28.79599889,50.35469631,13.3916772,22.81319787,29.08549742,69.44757018,1.934254163,0,2.124720866,0.6316763077,4.501233785,69.30408371,17.29451828,28.58776006,13.72237315,13.52254462,14.70761388,11.57101604,12.74183814
60,V91 (2.61),91,2.61,0,33.07915963,0,0,0,0.8776151997,3.496614441,32.73331495,3.081448777,35.76418535,2.743277597,7.296236845,4.580699987,0.5504181181,0,0,0.3073874638,0,0,0,0,0.1244085565,3.091418765,1.51147694,0.2233805259,1.144767839,0.3400175087,0.09756192643
61,V92 (2.62),92,2.62,0.3031343044,6.206195638,0,0,0,11.58497108,0,6.050121347,4.504173992,6.372610775,0.6467906152,1.034666969,0.3739662129,5.732954084,0.4682050827,0,0,0,0,0,0.4718750248,0,0,14.75641601,1.509582683,2.574470547,0.9317936322,0
62,Y93 (2.63),93,2.63,196.4182434,6.936438289,10.16109065,277.4901453,369.5181797,11.20550137,24.15522157,21.09385897,10.15335817,6.311113969,7.719009265,3.438230848,6.156998179,2.407987015,3.565714254,12.52641108,11.37981999,21.64019176,387.3135062,8.127308786,20.04320704,12.15308965,11.90317513,4.181641724,4.583072755,2.845480315,5.166173728,2.183957841
63,L94 (2.64),94,2.64,15.05304064,14.89459759,0.5935355854,6.557192676,6.407584784,3.043994912,1.915926428,0,4.64191079,10.3098129,11.65058797,0.1508713351,1.266690188,2.886809563,0.2538198674,0,1.261343644,0.4523977403,3.044403633,0.7673325878,0,0.3139725737,7.579980504,1.864399969,0,7.577375081,2.38026728,2.844734032
64,E95 (2.65),95,2.65,2.370881499,0.8693981759,7.903122078,8.007954764,2.61967586,11.39778135,2.135006664,2.080654341,1.974699933,1.928099556,2.385007336,0.08762559731,2.108437003,3.631366424,1.740308456,1.84061209,0.7180277007,5.390219014,43.36911496,1.187444416,3.667495637,8.412839136,5.456635829,0.3193859632,3.656737063,0.5284627811,0.8123320925,3.775985887
65,V96 (2.66),96,2.66,3.30554208,10.03404274,1.591074676,5.152577516,0,4.965667876,1.13044632,1.512437943,34.32985799,0.7635525599,0,0.07186242309,4.261250029,0.4555141698,0.1194106453,0.8749998148,0,0.2043889738,15.84891829,3.420545762,0.9427146914,1.475534329,0,0,0,0,0,0.7401339087
66,V97 (2.67),97,2.67,2.970346011,0.8291005279,1.80781835,0.4872632146,6.638042222,5.108790681,4.139412975,3.557055892,7.309597836,4.055064412,0.3486521834,0.09347056154,3.34318004,4.233681786,0.4682050827,0,1.307754564,5.418791797,10.13060027,0.3129867319,0.4718750248,0,1.577280689,1.422466655,2.142343407,3.065123774,3.153796238,6.21534824
67,G98 (2.68),98,2.68,4.237329123,3.308612254,4.438925388,6.707378601,9.490414673,7.976295767,0.3483720626,2.223093906,8.436496656,2.617973147,2.481082086,0.3493600384,0.3503096248,1.435478826,0.2538198674,0,0,2.514700851,0.3285182036,0,2.410787942,0,2.683281672,1.947848307,0.4831085086,2.359377047,0.1957794801,96.07248238
68,E99 (ECL1),99,ECL1,5.616975346,4.655624141,1.511814797,10.66674929,6.371334172,9.266114061,0,3.673093452,5.504934689,3.689147216,3.240755429,0.1232967142,0.6320390147,0.9823846384,0,0.1469028839,0.1072811972,0.5212040677,0,0,2.47402792,0,3.079565857,1.676948813,0.08482045888,2.213510614,0.1016743615,7.031064115
69,W100 (ECL1),100,ECL1,4.086733301,0,3.995023037,3.676473685,1.921840451,1.028463404,0.7497363068,0.5258361816,0.5824396208,25.62770201,21.00058071,0,0,4.161056031,0,0.2115736874,0,0.6689275911,1.38868861,0,1.465841964,0.1314446957,1.980839345,0,0.6724507588,0.1030935404,1.072971797,91.83741011
70,K101 (ECL1),101,ECL1,12.3990894,0.9399305512,1.861327975,3.48011566,4.670675991,2.247682686,1.669823473,0,3.677681597,2.026880031,2.823415871,0.3168883968,0.1727506879,1.382800134,1.101531605,3.679387765,0.3649240844,2.939564212,7.206478343,0,0.1380034673,0.5930074917,1.879952031,0.1499346026,2.292700182,1.207818526,2.637483741,7.021197278
71,F102 (ECL1),102,ECL1,183.2600227,5.351842522,44.44954529,231.0170785,310.2113218,32.71530696,46.22932483,7.652941134,8.431155794,16.47940622,17.9300095,1.916691919,3.609172607,3.142916227,55.0448924,11.43243534,12.17207386,49.86755782,253.9993037,6.499151498,54.2331647,15.58340015,6.052757221,3.825933946,7.443890726,7.941061433,3.821179787,84.22371718
72,S103 (3.21),103,3.21,6.063756833,2.449923306,16.29619621,27.8345427,29.62240961,10.68384964,21.41276253,5.015370417,4.34789361,1.603440661,2.048221145,1.254668952,0.2097680511,0.5935974822,11.11900613,7.9079165,4.367614038,23.20767252,17.14576645,4.762396424,1.7180302,0,6.575287478,0.1521763916,2.231280093,0.08347165522,0.4259775125,2.026727573
73,R104 (3.22),104,3.22,46.60503832,65.1487778,353.7013421,121.2736742,55.70957037,33.56053907,65.85803826,56.55194706,34.81049319,33.34518692,12.26774581,8.758808942,41.74184142,18.14225536,24.57637049,111.7248986,30.13578762,194.1319937,94.64729733,26.38595075,48.39647522,16.65049321,40.95603196,8.678370203,67.29809504,112.1625444,47.20766742,72.67444998
74,I105 (3.23),105,3.23,0.586094705,0.1304085446,2.12458192,0,2.33374224,0,0.8477266359,0.3274005473,1.049422529,0,0.3289423562,0.5936071647,0.7854724599,0,0,0.2597301767,0,0,0.4580265925,0,0.3494045918,0.4133253866,0,0,0,0,0,1.713885384
75,H106 (3.24),106,3.24,9.170298005,3.93942711,360.0118013,0.3908343381,11.63250337,0.5321056402,6.451019354,3.508511302,0,0,1.957920458,5.9562541,5.939709396,2.424375849,0,0,0,0,1.402734272,0,0.4150564483,0,2.068075882,3.072809827,0,3.029314911,0,5.88275326
76,C107 (3.25),107,3.25,7.049128765,0,9.244919284,0.7294828249,5.009787061,2.342606246,0,0.08875129649,0.1684072187,4.365529565,0.6941125612,1.607699246,0,0,4.123571878,0.1389423248,0,7.338706663,0,0,1.961866827,3.048011393,0.267705748,0.1662513756,0,0,0,0.0834814159
77,D108 (3.26),108,3.26,4.637050439,1.789445498,6.048973231,4.323518879,3.506678178,0.74018369,0.1567956794,0.19616197,24.28802339,1.805178607,12.46972386,0.508576417,0.7228568517,1.477747125,0.9690098958,0.3571226747,0,0.5125667517,0.1371942836,2.035814252,0.1451520867,1.320318545,1.41828127,1.351853075,11.00559957,0.7464943036,1.744804522,1.535344922
78,I109 (3.27),109,3.27,0.7641799049,0,3.17655497,0,0,0,0,0,0,0,0,0.07745415797,0,0.127689591,0,0,2.589758165,0,0,0,0,0,0.09023736988,0,0,0,0,0.7056950903
79,F110 (3.28),110,3.28,15.57442266,0,3.276096628,13.76356406,0.6195689446,3.723065486,12.24278453,3.027046063,15.5455928,37.3516668,9.534838199,13.15989988,45.38393834,21.29222739,5.761536454,0,3.239891471,3.667362225,0,4.934580818,1.560762065,2.911130506,16.39155051,10.22536416,1.576892924,111.3704295,0.570365933,45.04221031
80,V111 (3.29),111,3.29,31.74250736,6.228143614,0,0.1967827439,0,0.247600548,7.641723714,1.383117895,69.50832513,12.07373829,2.386685363,0.3699299766,1.638064109,15.35705453,37.3410591,80.92515161,3.890363855,0.4812211923,3.448946678,62.35178465,0.3568316154,29.77272955,0,0.4760095675,10.4023953,0.7232779453,0.7410967434,0.1692464537
81,T112 (3.30),112,3.30,0.1612477961,1.428972453,0,0,2.250890263,0.168841493,0.2205327595,1.053971031,12.24797676,11.86575465,5.72289491,12.84472983,5.939709396,0.3700641571,0,0,3.216146968,0,0,0.3014365594,0.7520576495,0,1.729678063,1.571695763,0.9925597708,0.2643988074,0,0
82,L113 (3.31),113,3.31,10.27357426,5.561786168,0.787509244,0.1776008922,1.353467996,11.98414602,8.756297291,1.537849802,0.1684072187,3.949081364,1.302214475,2.312596392,7.261260791,3.092637444,5.092581774,0,0.144586922,4.955674712,0,0.1355951263,3.865229353,3.449041935,0.8158917708,0.5669882729,0.2897831504,0.2966982532,0,1.56152944
83,D114 (3.32),114,3.32,0.1605159706,2.714061204,1.255100279,0.6188370472,3.171994035,5.089152883,2.919107384,5.455093895,76.32370616,17.24960076,12.99020906,0.7407560555,13.31432935,9.454329405,0.1422428449,0.3542605318,0.2666283028,0,6.847374775,2.050092439,0.9883761967,4.564298243,4.749509234,8.150449984,18.05067633,6.258288563,18.94504148,0.3991897991
84,V115 (3.33),115,3.33,0.1532539734,0.1818404607,0,0,2.150554295,0,0,0.5231695762,1.075451145,0.08699554217,0.1629676501,1.552957473,0,1.29081704,0,0,0.903956928,0,0,0,0,0,0.1711958543,0,0.1080370782,2.0192035,1.210131305,0.08329215286
85,M116 (3.34),116,3.34,52.15344265,1.272566911,0.9342730338,52.81969372,1.486138736,5.437740444,14.38256482,0.2933936911,88.09478832,23.0357959,10.20200126,10.44267576,40.52796245,4.394233827,18.45065181,31.85598866,10.09527142,54.64183189,8.124346539,6.246909565,3.794282653,13.36575493,3.091447509,9.058614545,10.30897462,25.17962641,0.8319287557,45.04512049
86,M117 (3.35),117,3.35,2.27666552,10.57746358,0.2006367196,0.1967827439,3.327840965,4.0593689,10.42322219,0.4463391916,14.55348026,11.82356118,6.035290816,9.98876775,7.575720164,0.2892606362,38.83249211,81.20418051,3.316482229,0,1.805818997,58.77412147,1.180319438,19.03817984,1.53558937,6.981097603,3.267452203,0.2643988074,1.200963443,1.616569288
87,C118 (3.36),118,3.36,0.6964034445,20.02220314,7.391730897,0.4390961845,7.288216791,8.834815039,7.090834117,13.07538631,7.298480905,8.212255578,10.90929593,4.224349899,4.46646042,5.819163863,0.650398924,0,0,0,11.18267664,0,0.4858928626,0.1299812992,5.150520019,0.6859056204,6.63269452,0.1675641215,0.6347808887,0.1329586834
88,T119 (3.37),119,3.37,1.303504421,0,0.4129272579,0.1920344902,2.835496172,4.443833633,1.332779848,9.240288108,13.37929732,29.88654316,1.78187056,10.25887245,0,2.996812858,6.81955892,1.777929274,12.02165304,131.1841377,0.2871594191,3.776496084,59.25837157,0.1518718036,4.807253948,5.698339712,1.748994171,5.187180977,1.838398378,0
89,A120 (3.38),120,3.38,0,0.1818404607,0,0.3573417549,0.3116573397,3.992260044,2.499476473,1.868111872,83.69145451,22.84723946,12.00517846,0.7407560555,13.31432935,6.744489574,0,0.9997022307,0.903956928,0,0.1472872192,0.4859244243,1.228686047,18.56320107,5.239575213,4.946857958,19.61680437,6.344950118,19.22683954,4.774707817
90,S121 (3.39),121,3.39,1.339464961,0.5697451812,0,0,1.041356756,5.528487153,0,0,11.05198921,4.245994744,0.6731254116,1.674762889,1.9987324,5.240391129,3.530299849,0.1360590953,6.4221561,0,7.653524397,1.622528361,3.794282653,0.4743775829,0.3710316857,0,0.5006569903,2.632234442,1.54484812,0.9696597783
91,I122 (3.40),122,3.40,27.9760414,56.37245843,1.824140995,65.47309761,251.1701628,3.059265147,593.5847856,4.961725051,57.00919117,0.2365510651,30.27519783,6.892269336,98.76657683,0,0.1787806939,4.768089149,0.09908082705,0.2719308556,180.0771159,5.65821483,3.048278171,11.30440183,12.03281197,15.53321473,33.75328447,0,0.6908306038,0
92,L123 (3.41),123,3.41,4.634209477,0,4.02188398,0.8279837952,2.291778586,6.914127361,0,4.010453905,5.64862557,6.752797598,4.289793555,18.32519106,32.55684241,3.965325543,3.330082243,4.145581741,20.08347845,1.270239009,0.3399594195,0,0.1315037732,0.1514497619,2.990111059,3.045459336,1.336295682,8.726011037,11.15298826,10.23985607
93,N124 (3.42),124,3.42,2.657513106,0.1648676392,0,0,3.674799104,3.890953198,22.18342679,3.30924837,4.32502008,2.460863231,7.527787946,4.510800954,2.297580375,0.05808614517,7.469957844,1.287423836,0.2178528763,1.081656275,3.413059448,4.753241366,59.25837157,0.2818531028,14.46630357,0,4.933700751,0.8641300033,0,0
94,L125 (3.43),125,3.43,6.416779413,6.243212465,16.51467339,21.34923252,12.30116108,17.45877838,619.1252066,23.14830852,16.43708951,44.10355572,8.334422391,14.00782094,72.78370187,13.81399553,41.31295177,6.382348435,15.21434034,177.1150586,1.709378194,3.602568418,38.02624889,34.72936608,16.29320185,9.775699168,6.684270324,16.15378519,3.840585226,34.09371872
95,C126 (3.44),126,3.44,2.907328125,6.983275265,0.3005080605,2.017459822,0.852295977,0.7162826342,0,12.72723595,48.7156801,5.720775282,35.5253882,3.467560624,8.816447034,7.793861072,0,7.926801526,0.903956928,1.583447005,0.7708395812,0.7106475308,1.619894842,2.015777437,5.217900264,3.273201986,20.4441992,11.230532,17.09379005,2.007235303
96,A127 (3.45),127,3.45,2.17604591,2.490137325,0,0.1869013298,7.624116953,1.313478229,0.2358158403,1.649840214,5.528087055,8.974563852,32.4539546,0.227051135,5.98075686,0.5481134055,0.3730444965,5.903946582,0.3865128773,0,0.1501027695,0.25466846,0,0,0.1609934328,0.1722400151,15.88463141,5.355869678,1.865399832,0
97,I128 (3.46),128,3.46,2.011227306,0.2042623025,6.521063463,3.987065126,32.63995653,2.063160899,41.50545449,24.70799067,77.28297875,63.02242817,10.75222491,112.2554735,2.042777988,21.19735461,41.70680467,13.78282932,28.53475192,0.2748787334,17.74084242,2.341786678,0,0.9623930465,10.50754767,10.71533761,88.04910866,32.6479989,12.60254764,3.480274529
98,S129 (3.47),129,3.47,5.800595696,0.1415081713,0,21.60913037,1.233498006,2.088229512,10.17811292,1.538161058,16.68299308,0.3708066464,12.40594325,4.146089637,5.448825921,10.2654816,1.72206425,0.2398380124,0.5134465683,1.586610014,0.5153160458,2.061228192,0.4472273133,1.845533434,26.23976136,1.973578881,0.6743399602,8.054370751,16.19587164,1.760824357
99,I130 (3.48),130,3.48,0,0,1.426323521,0.9952910577,0,0,0,0.8494602348,4.227540237,3.416683344,3.478206771,1.681691039,2.297580375,1.991816564,0.819424612,0.7270765033,0.4081853514,0,0.1918006626,0.4942819902,0.4188693349,2.690238213,0.8070284598,0.7320152841,3.185950902,3.547411665,0.626118076,0
100,D131 (3.49),131,3.49,144.1875996,22.66444456,89.05226106,152.4166071,8.443083694,80.22817829,26.21134021,21.94573659,16.92613234,3.409735857,34.75194797,4.937590501,76.49254673,6.283233606,181.3326094,32.23577711,7.228480891,21.20206004,24.21858207,216.5788636,2.896241061,74.96808108,21.80819601,12.7990529,12.48821308,19.89860919,15.29014779,43.33549591
101,R132 (3.50),132,3.50,0.3365082317,4.504744742,0.6923212023,36.0451634,37.3252187,0,1.950249087,78.91097133,27.37116362,95.63063019,106.0112279,89.63365275,10.95514205,26.00599226,3.357471572,27.11097245,20.84145633,6.923793451,18.64571082,7.738027351,25.76790566,18.85365054,15.79308763,2.962169096,182.3206714,35.819949,58.46904872,57.82776557
102,Y133 (3.51),133,3.51,14.61063405,41.79796265,2.664364946,13.40366087,11.56526613,20.30366704,1.991178591,1.457132571,97.48837502,18.36327447,14.61884016,1.474891474,2.875384448,39.30619285,7.852053026,9.002497147,1.334960486,17.3891492,23.98033033,0,0.4558273251,0.3583849296,4.784048851,5.437737124,101.462328,3.457023229,72.73230485,3.657828248
103,T134 (3.52),134,3.52,0.1464765645,0,0.2531671942,0.6587115354,0,0.4172203135,0,21.44669115,15.32807789,0.7435484893,0.1381885555,13.58642116,2.521749728,12.79565914,0,0.1443039623,0,0,5.00992656,0,0,0.11639764,6.617649289,2.637015951,0.2214751925,7.688857499,10.74849386,4.700676719
104,A135 (3.53),135,3.53,0,0,0.617429748,0,0,0,0,2.48111185,0,0.3708066464,0.08484060998,1.379469251,0.9628841941,5.012722347,0,0,0.6241159253,0,0.4625325926,0,0,0,3.652358156,0.5670211184,0,4.053095818,2.457971646,0
105,V136 (3.54),136,3.54,121.6054701,159.3284666,71.52485244,119.1401839,148.5232863,130.2760781,22.99111108,11.71248119,56.02272866,73.83340136,44.95987791,0.2626496268,118.2190631,10.06620713,195.004692,136.4829489,136.4686693,5.221803615,82.6987139,269.8649096,106.8672542,120.2689744,1.282272299,0.1761710896,79.67844555,7.780328695,0.8974610683,127.2659283
106,A137 (3.55),137,3.55,0.1386780751,0,0,5.83196886,0,0,0,53.07786289,83.02123122,47.37799557,75.73077103,75.36035355,31.15813473,2.685209991,0.4837501669,1.925421785,8.878351645,0,0,0.1891478877,0,0,65.77787501,26.18469869,9.856103934,59.87958481,19.7751676,4.084061335
107,M138 (3.56),138,3.56,1.602967255,7.509115116,4.495652806,16.75305709,2.840340185,4.519919602,0.3839654868,6.249514601,103.2062766,69.36212931,33.23643599,9.678932412,122.2999503,3.273816565,0.7796268131,2.507803214,1.931396953,0,18.30257716,12.66688745,104.1302893,15.12576946,6.773452326,4.953397454,22.51127114,8.658021892,25.2178847,6.08683235
108,P139 (ICL2),139,ICL2,0,0.3065390456,0,0,0.1742510813,0.7129383655,0,0.4065622859,5.425055743,4.066904074,1.829654225,1.59367459,5.886232136,0.05870068064,0,0,0.2359047867,0,0.4556114131,0.7893869652,70.23373211,6.256424857,2.372727339,0.4776693516,1.920160016,5.296426982,6.210361171,17.97377685
109,M140 (ICL2),140,ICL2,0,12.51888906,0,53.58220858,1.449578062,1.896409096,0,54.45722743,113.6793656,118.8340947,48.57267943,26.6133797,48.13670763,22.79597728,14.54826739,1.664693813,0,0,35.75771521,0.6429514944,143.8674875,3.891316127,46.07628915,5.261262696,34.08802259,23.66762029,32.07079546,147.1085833
110,L141 (ICL2),141,ICL2,0,19.20471742,0,11.97581296,0,0.4391315142,0.1636900253,42.34672678,222.0397037,20.78495934,76.05811902,45.01843084,143.3170714,7.715705878,0.4337008284,3.398083578,0.4186080008,13.66805415,8.569666662,0,87.848995,0.1308870872,45.97561274,6.402041548,19.74574468,31.12370655,15.81374848,1.375054761
111,Y142 (ICL2),142,ICL2,9.740370553,239.3450392,6.51732297,7.224237507,155.9731544,74.80414255,31.53706927,19.35456857,6.526783344,34.86112131,106.2251025,48.96414642,20.50505479,43.15592727,4.406319463,172.983278,155.1434032,41.79248222,52.96329544,76.99474236,43.46300854,39.60298544,16.50590565,37.72261738,304.4926495,43.52245277,101.3728756,51.03309877
112,N143 (ICL2),143,ICL2,20.38447772,486.7835275,5.180473981,750.8379524,579.7540172,25.65298377,584.3245686,16.65334,179.297036,33.6871211,26.08946396,19.60116427,59.9402631,7.425361941,33.29417761,32.85592631,52.53371742,418.4125348,128.8318409,6.933071051,267.1865818,96.11048542,18.58600632,1.015723265,40.5743467,53.65777496,16.85210097,50.00400892
113,T144 (4.34),144,4.34,10.56912729,59.23718019,6.658396871,20.94226728,129.5514509,78.20039847,31.70724887,24.78501428,78.8600283,83.68340814,37.70892873,28.86159444,38.71039185,12.10300515,5.572383124,20.48256813,22.59063746,38.66931126,1.65240214,6.047405642,4.220258151,11.25666849,31.3651291,1.749964057,33.17082544,19.4412427,29.38262587,79.63825779
114,R145 (4.35),145,4.35,133.1523434,42.77891368,12.73170662,62.13952871,38.70039303,54.80143311,64.19603676,93.92793345,19.09893097,123.8883838,45.29710106,55.0050888,218.2440924,12.79694208,22.88622418,41.81714801,39.76596012,31.26007984,9.406700106,28.82075913,26.52284993,17.91728378,7.934009504,6.568652509,42.52518396,41.89142718,110.7018718,74.8220269
115,Y146 (4.36),146,4.36,207.3919615,82.59157404,86.3600583,81.2978032,58.32821616,37.8553499,458.4830036,58.88790017,53.72279922,19.57352861,57.45139023,18.57354991,13.10789923,32.82474014,57.43014047,398.4295169,43.3220391,590.8063158,22.76304711,81.59453936,25.62713326,31.54675693,20.67928251,28.3050588,79.02174485,43.81219577,51.91907514,33.12137994
116,S147 (4.37),147,4.37,45.4053418,27.02118558,31.99875894,66.53553793,34.14213136,7.872494532,53.96747759,3.655116457,6.277514032,1.286747489,1.920368639,4.564663848,0.9025656762,1.422586494,54.24457792,40.7363141,19.40164141,121.1077633,43.33968791,36.77236366,8.737617099,29.37664172,0.765429511,1.153622406,0.6002494373,0.759996863,1.514577461,8.589380624
117,S148 (4.38),148,4.38,16.24159211,178.9841035,319.3058552,536.5509496,152.9421947,20.43698676,301.0000159,0.3524659547,8.02153116,1.563616056,0.6712830504,0,8.431211619,1.206898766,216.8725633,431.1475647,114.4296274,305.4779312,220.7794326,21.24698911,37.20907859,163.5865506,2.338682147,0.1985545337,5.137012908,0.4664741103,2.186299659,20.27461499
118,K149 (4.39),149,4.39,29.82921087,115.6649951,7.111028883,37.40345347,35.7368097,95.42706225,49.17005835,3.113718817,6.324097348,10.11709477,11.62220365,14.99414745,5.013790915,10.21971539,81.24207424,20.42945166,26.63445233,43.79079587,13.66551971,10.95024964,104.6888547,7.823451407,14.21382507,4.334982116,4.945879934,11.07451605,4.751666587,22.28752586
119,R150 (4.40),150,4.40,176.9644227,168.7519932,139.6727314,45.677158,78.5809259,39.78615401,89.96689942,69.88564302,31.40203498,31.87961722,48.31136236,35.59555286,101.5133286,24.86331209,35.30045783,36.3896713,25.24601671,31.51659795,124.9034899,6.944158345,30.79850573,18.11024591,36.38092255,21.58937227,40.96415304,54.45187462,25.56639511,84.57415765
120,R151 (4.41),151,4.41,228.7931703,367.3258466,110.1759723,199.9012628,133.1466214,66.91755439,168.8155686,34.15502417,134.8650364,69.64085478,14.47675132,4.912915768,21.2082713,15.68196663,71.57561746,197.401577,109.92369,231.6078333,29.33903835,52.37947322,15.89041438,93.32285061,44.76791155,10.2611278,103.371204,17.24032321,85.98090982,67.73780886
121,V152 (4.42),152,4.42,2.277159663,8.857727828,2.610430868,16.79513539,7.885033115,8.583923843,9.80969241,0.3661513427,9.329488417,6.784041942,0.8812210603,3.03529455,9.539116895,2.968978347,4.449940093,0.6243946736,2.792909979,5.666463306,0.4809503738,10.38982696,1.506834924,0.3832542502,2.385173919,3.279598308,2.111185021,0.3399100432,1.183878609,0.6038520729
122,T153 (4.43),153,4.43,0.5308683006,5.634244144,0,0.1612536288,0,0,0,0.1522186748,0,0,0,0,0,0,0,0,0.3856061666,2.587575461,4.294696409,0.1630521502,0,0.261976655,0,0,0,0,0.08493742811,0
123,V154 (4.44),154,4.44,0,0,0,0,0,0,0,0,0,0,0.08039859006,0,0,0.4467259541,0,0,0,0,0,0,0,0,0,0,0,0,0.8762939872,0.1896928141
124,M155 (4.45),155,4.45,77.14909216,39.48245471,39.67228067,3.030678607,44.0198698,19.53484525,104.7501732,6.720715987,58.45737395,33.92854691,31.29258634,25.1616656,52.96325276,8.804057808,37.12207329,145.7877244,10.72964236,6.388106631,48.42671653,3.090382851,2.760949604,6.954180277,16.12339069,4.10587021,11.95608484,46.58674865,14.68917067,62.37714957
125,I156 (4.46),156,4.46,0,4.077177453,0,2.839154874,0.7118237592,24.73137226,2.800763847,0.3216210532,76.57063445,14.83444936,22.98668989,5.956345672,13.71921319,5.978777005,0,0,13.77020098,0.1941272617,1.744079279,25.08707809,3.864520635,1.029491648,13.76461585,6.212934571,7.526092236,10.50693147,50.19620764,0.6048917453
126,S157 (4.47),157,4.47,0,1.625329662,0.1921035805,0.1910102361,0.1380473447,0.1744843772,0,31.72585378,0,13.8511486,4.004907708,9.116911898,3.696007758,0,1.826935461,0.5432057973,0,153.1058722,0.149939844,1.148322066,0.2381611216,30.21555944,0,1.693176883,71.79354741,0.06592473782,0,14.73650364
127,I158 (4.48),158,4.48,0,0,0,0,0,0,0,0.384877253,0.7799857951,1.165239308,2.049063249,0.09330941926,2.623285745,0.2079783576,0,7.424416288,1.421035503,1.351588216,0.1572524763,5.683909941,1.876073453,0,0.6915134916,0,0.2585626975,0.1615884563,0.2158099441,0.1654790272
128,V159 (4.49),159,4.49,64.93332914,2.849135967,0.233329543,0,0.889305292,0.3980199265,0,0.6666894852,2.10582553,30.87648222,3.976167379,0,0,2.354482522,15.31656505,0,4.555456725,0,0,0,0,0.9643968477,0,0.4378756571,0,28.75551037,0.08088479201,0.5765171566
129,W160 (4.50),160,4.50,1.939259781,17.59315674,0.2040728932,0.5224980489,30.09620542,0.1848083348,96.10769631,0.2327759896,45.38872,0.4379652817,7.470732593,5.268774697,20.69876833,4.197276186,28.96106552,0.6162543655,0,4.6893006,37.21988289,5.503427938,0,0,0.9590400195,0,2.034503365,0,1.52702152,49.23533829
130,V161 (4.51),161,4.51,0,0,29.78289701,0.1556180552,0,13.18279073,0,0,0,0.9796147654,5.016153057,0,0,0.1474948918,0,126.5286123,13.77020098,0,0,5.687325562,3.864520635,0.1139541137,12.61943281,0.09542665523,5.494905253,4.221639399,0,0
131,L162 (4.52),162,4.52,0,1.625329662,0,1.018994031,0.1380473447,11.22443476,0.1877893592,0,25.79754048,12.41235063,13.53733432,4.108471927,4.232014138,3.012651438,1.826935461,0.5432057973,0,153.2999995,0,0.5573318993,0,30.3670092,11.56031962,3.990418385,72.17618219,5.827870969,31.39558986,14.73650364
132,S163 (4.53),163,4.53,0.9732302826,0,0.7165174449,0.8056684988,0,1.259564286,0,37.63531969,2.86950792,3.539055868,1.73658758,6.595820725,7.643373481,1.858913927,0.1533865981,2.650231974,0,0,0,0.4758421572,0.6780251853,0.4682617991,2.604944234,1.693176883,0.8241790889,0.5448217596,0.5320182526,1.074645932
133,F164 (4.54),164,4.54,3.84540113,2.954960139,0.6170001511,1.219304626,1.52716375,4.030185028,0,1.051566738,1.528569442,0.9743300734,1.933560822,0,2.623285745,0.2079783576,1.081390997,8.137973067,1.637095173,2.46883897,0,6.247299384,2.569068994,0,0.135404985,0,0.2585626975,0.1578961735,0,0
134,T165 (4.55),165,4.55,1.939259781,0,0,0,0,0,0,0,0,0,0,0,0,0,0,0,0,0,0,0,0,0,0,0,0,0,0,0
135,I166 (4.56),166,4.56,0,8.153048797,37.76019145,5.596842831,35.26814653,4.304232418,216.4562357,26.40371151,6.896379215,25.61801093,10.81813834,22.48234586,24.75283405,8.311991703,32.44059526,233.6450321,44.44161824,297.1499593,63.35593001,5.903491469,125.9641932,55.94466245,87.48594126,3.986077484,7.705277705,17.14539875,69.27883045,6.447314023
136,S167 (4.57),167,4.57,2.595057985,1.07362932,29.03765054,2.16540444,149.6231106,23.86980993,1.332779848,3.884676193,10.20033305,8.662124301,4.433908499,2.160979843,2.777839656,2.619531818,3.04207725,1.849999112,1.037875256,0,1.789439873,0,3.114585505,0.3527413404,0.2715086777,3.930765543,7.498903504,2.908756704,16.79024688,2.185037199
137,C168 (4.58),168,4.58,0,0.8936763159,1.077344935,0,1.184219278,3.788276682,0,29.93598903,23.81418008,7.943107215,13.19181285,4.951470618,0.7401038358,2.860618199,1.132224722,0.1529211966,1.057331428,0,0.6904901047,0.5573318993,0.3071494253,11.37029457,11.46654119,3.880938318,72.54438351,5.256218643,9.228958564,13.89814683
138,P169 (4.59),169,4.59,4.011732205,1.632796817,0.530387544,0.3858432252,2.650752649,6.521569063,0.1606261376,0.9087856762,0.4154043033,0.8885905712,0,0,0,0.2079783576,0.5442406641,10.25150015,0.363704075,2.388698719,48.2637304,5.686518019,3.163475841,0.2956572152,0,0,0.6985589306,0,0,0.1827137112
139,L170 (4.60),170,4.60,5.104964809,8.910176844,4.754878196,51.36291681,13.39681158,26.40482205,189.3954328,19.75092366,1.059458479,1.246630079,0.1609660762,1.037889358,0.2660288545,4.620696162,19.47157801,242.0601782,10.80833338,323.625622,4.916226238,5.116281751,88.99285085,42.46909995,14.67913807,0.1305996571,0.6575861851,2.549647744,62.09347626,2.450327691
140,L171 (4.61),171,4.61,1.097073765,1.867668087,0.8400378968,0.6745229017,8.94956576,7.005818325,2.85594848,1.162357585,1.218395952,1.913513533,0.3584368117,0,0,1.253648086,5.157523005,9.961835064,0.4796726482,5.72429377,1.034541654,0.1269479986,1.399841815,1.092191696,1.177910927,0,0.6054317288,1.3097921,18.48431236,2.561180206
141,F172 (4.62),172,4.62,13.33332225,9.939225692,24.46091356,24.7147412,19.70074289,13.24459224,18.226704,0.4574317668,6.561384792,6.328833143,0.2881484703,1.048175438,0.4874538705,2.156398106,10.53181048,23.25083679,4.047389511,18.88055715,14.0591384,0.7901261453,1.511781111,7.138850082,1.066398374,2.413315593,6.850499567,1.402404512,1.410601511,1.659236057
142,G173 (4.63),173,4.63,24.69764609,188.0275547,49.82087253,18.71262136,105.3696986,19.23589703,15.92363006,4.853039417,6.226798043,0.864879027,1.549728614,0.77618104,0.2342029419,0.5427846825,22.44168728,79.85320266,7.046459146,19.2457153,50.76412174,1.981924521,82.54060872,16.88207479,2.765486973,0,3.925949103,0.5391385372,3.318861139,0.5201347746
143,L174 (),174,,18.7361367,76.50297212,24.03644077,22.9934274,27.13304558,63.02228012,165.4166073,51.79796873,24.00037177,11.0112371,14.2843755,6.934268124,0.8202027918,5.073230562,30.85430415,57.13268985,6.398495974,14.69690861,63.31546478,5.358962442,6.888641192,17.56351905,20.90557449,6.951745809,72.12537399,6.815961619,11.24979862,22.98515124
144,N175 (),175,,15.97735967,22.93706464,144.5284938,29.81125852,12.88093896,27.36614081,56.35905555,46.19619189,49.1519588,8.45218652,9.84521969,23.491987,1.967820304,3.921861253,32.36457581,113.3638363,29.73402402,244.5420299,21.77601913,6.274739363,2.998423884,3.498749998,42.08563715,0.3711115927,83.01892193,12.6876797,55.66636033,0.7051493134
145,N176 (),176,,11.72110567,15.10761129,46.94036778,31.00007551,6.976791578,10.53235426,9.917039098,12.25366944,33.42968137,3.280395809,23.19096377,8.534832884,9.043906272,1.912657409,31.51291315,13.63618875,7.598050293,12.88928066,11.59286501,7.392715588,54.00420655,6.528541635,0.5840303396,2.525986296,11.42985445,27.33735573,5.657353465,4.524248132
146,A177 (),177,,1.788430455,26.86047209,17.89715575,47.89360002,9.715172891,9.601856462,2.591244397,3.472768906,4.530902085,0.9845438885,3.067372083,3.949261336,3.072486577,0.4809376452,3.53562664,5.346297413,3.045909888,7.131214642,3.601389537,3.240343597,1.951309857,2.126922039,0,4.957433145,4.62450912,3.339187662,2.570886746,1.969984901
147,D178 (),178,,2.898986752,2.323051022,4.98721457,0,17.64260206,1.908052932,7.621417668,5.25938449,9.640528115,6.542028944,0.3199339156,2.775842477,0.4533249974,0.05519989408,9.881128595,9.424550791,0.1188094213,11.46640823,33.19362969,24.6139411,1.493950458,9.231491002,1.82918537,1.774307374,2.50259487,4.369372287,0.2797035625,12.86185567
148,Q179 (),179,,17.47007382,2.887285365,21.33369875,5.873224887,34.04213954,0.5228273741,17.57168908,3.119884608,15.83585465,14.14454899,1.48215407,3.706254212,6.548487324,0,7.904164801,23.26675882,5.747789863,10.96102355,14.76027018,16.66528508,10.2728555,8.611503212,0.901946168,0.8172308447,9.437836246,8.783357961,6.520993234,6.477541313
149,N180 (),180,,13.91515494,11.07032304,12.96017753,19.65067308,61.07870533,0,16.65001724,2.157872314,7.149170326,14.54272339,0,1.884558923,6.507199541,0.5315711731,25.61449031,17.88447989,3.240829296,17.09630107,105.0226758,68.34738332,14.59480101,10.61643676,1.180860267,0.1646700124,7.440971267,11.24401571,8.744350553,17.07516722
150,E181 (),181,,11.13297862,16.93193445,22.90923242,9.424899272,17.73973955,0.8063246769,17.20404645,4.586551572,5.282543716,7.516679229,2.309713565,1.318928785,0.6065338079,0.4385604435,9.8628037,7.440883696,0.6257550808,14.52134523,26.72189514,4.891152492,21.8904621,20.84602857,2.515535994,0,0.9388078064,12.73990792,7.921180387,2.677248622
151,C182 (ECL2),182,ECL2,80.73993194,4.627336263,71.47922236,21.67341142,111.4611221,9.31114715,14.26427228,35.24841616,22.96073142,47.2999259,4.076494377,8.420699461,1.90075529,0.628414813,9.639852019,30.48988646,1.292111609,39.74216789,18.19569312,54.51260085,9.569598295,22.06274003,1.519137657,1.12494005,3.391275082,1.48969717,0.1729281894,0.1709724236
152,I183 (ECL2),183,ECL2,30.4369659,8.711873806,29.26371079,7.748836808,65.39443494,5.750601287,16.72764918,0.6654146539,0.9928921573,1.886537386,5.132639655,0.9948335345,1.62864386,1.316040815,6.41026269,1.509462943,3.055684435,6.189714423,3.998654833,0.7106027707,2.191332253,3.490158041,2.749455202,0.4357492949,3.108444475,3.633100924,2.607468724,3.019197827
153,I184 (ECL2),184,ECL2,2.609059842,5.486378796,3.769318152,16.88360354,8.526679237,8.261452871,11.18488912,5.845227222,3.653167393,6.164592159,4.260981958,0.4411616311,1.968596791,3.658034102,5.235280696,5.403920296,2.331047542,3.424782336,3.405030865,7.188280335,2.487428467,8.068274522,16.0483712,3.567823866,11.52005422,4.108094311,8.124819076,0.09333476157
154,A185 (),185,,6.606978935,15.54278169,6.016113076,11.04975654,17.95026579,63.04773573,11.77731945,9.385581302,6.627462064,4.141839734,5.626388885,1.984172046,1.900481265,2.861909404,19.8665421,9.407272654,5.277070655,4.028867851,2.41237733,37.13274062,0,31.77043837,7.872327467,0.8295309992,7.809704631,7.557473072,6.48650061,0.08576224072
155,N186 (5.35),186,5.35,19.72669148,30.11574923,6.691759106,20.09540255,18.52300861,212.0765611,57.32996804,73.94318398,16.44264221,8.83807528,26.43187242,2.416681988,13.65337549,7.982865663,87.23359955,5.407854936,57.29055596,6.145432424,7.436234697,49.69956053,5.366240637,54.00814586,80.34157721,2.230950809,59.78850334,16.48237534,9.714922154,0.8307809234
156,P187 (5.36),187,5.36,1.577540272,0.7615727558,1.916007121,0,2.035215716,234.6782672,16.71540217,0,13.27927779,0,28.64264805,1.934080114,0,0.5181583681,1.435101261,0.6157146073,0.2535208435,0,0.1668787284,41.30150622,0,2.117237532,0,0,47.15289484,0,3.879488594,0.08911347014
157,A188 (5.37),188,5.37,0,0,0,0,0,0,0,0,0,0,0,0,0,0.2105092769,0,0,0,0,0,0,0,0,0,0,0,0,0,0.4408794012
158,F189 (5.38),189,5.38,43.71961971,252.9142755,18.37121057,13.88750911,5.218158548,8.978650045,76.30919201,2.235074058,11.79897378,9.227698474,11.02108575,13.74807597,24.50964965,2.6015168,108.0400631,0.2158810746,70.10499458,0,17.270085,8.56526083,13.89356759,45.50529873,68.59180962,7.886225049,10.3062992,18.88635476,1.286826987,1.874599976
159,V190 (5.39),190,5.39,0,0,0,26.06544633,0,0,0,6.071911607,2.189750625,1.893059593,5.034370105,1.018554048,0.2112706313,4.510353359,0.1690395041,1.072841703,0.1259696847,0,12.91127944,0,0,0,0.07282249403,0.3384531509,15.11105876,0,8.99480803,0.1105236674
160,V191 (5.40),191,5.40,0,0,0,17.99043345,0,0,0,64.84662365,2.589591777,2.139631918,0,1.34432737,0.07608971291,4.392700892,0,0,1.812520158,0,0,0,0,1.607901929,0,1.158940971,0,0.2294878108,0,1.194799407
161,Y192 (5.41),192,5.41,5.145399687,279.0666783,9.920966581,41.72982898,36.33072034,258.7238463,106.957183,7.919566729,25.56542002,12.64883628,1.389073402,15.00826318,39.61232642,9.184047159,14.56979577,16.22112999,37.83256017,4.662720356,26.6290751,7.826009055,14.24817498,3.050061039,10.84108709,2.005774038,5.881281808,25.8849727,8.347713384,16.27164504
162,S193 (5.42),193,5.42,21.14377803,11.63740331,3.468612449,7.256424472,8.699841026,3.016005977,5.340922279,0.697562317,1.72107084,0,0.1955765629,15.74719059,2.376423439,0.7285754109,7.929949296,0,8.606640542,1.541418266,0,36.33118848,0,0.1518718036,3.185391231,1.426186514,49.16125784,1.853047098,7.073026366,0.1099489423
163,S194 (5.43),194,5.43,4.896663282,4.864539163,4.085612136,2.635067922,17.2612626,2.815169923,116.3559449,0,0.5702937556,0,0,0,3.507297218,3.946439472,15.26497354,5.027373019,4.221776005,36.94246576,17.9819851,6.955896129,2.855583357,0.6867591604,12.4465182,21.33839024,10.51279933,1.86017039,2.450584961,3.516958691
164,I195 (5.44),195,5.44,35.44738966,0,3.874294262,1.291584914,3.431321035,0.3680498145,2.400923796,0.08880681062,15.52703403,0.7057107208,8.987524656,0.6413921725,0.4051928952,1.481051875,86.7963403,35.48356176,0,0,0,8.152508095,0.2877661696,43.81957647,3.290387785,1.42132063,0,1.382494798,5.470417416,1.307956908
165,V196 (5.45),196,5.45,2.012997638,3.03835493,4.056869752,2.03816045,3.389964276,0.5255115637,9.569158547,7.180308936,2.63835351,6.329985729,6.16095693,18.05961161,18.82499992,9.100382764,15.76478962,115.0265841,38.96695047,31.7119717,27.11025073,3.975838943,68.21948333,26.22153706,76.58485247,5.340122137,2.786673785,13.75734065,61.25934472,0
166,S197 (5.46),197,5.46,18.64095273,61.85276302,50.5714138,62.52631805,216.8084709,17.469517,270.8288598,22.33981472,0.9469038929,8.580810402,16.22616303,10.81480603,73.54583476,16.64790289,0.2605108909,3.357634498,1.270325485,0.5828291514,0,0,0,0,13.15365286,5.688470864,24.41724406,14.8697898,25.61831157,1.990060445
167,F198 (5.47),198,5.47,3.640128909,43.12069819,80.39529334,71.97784114,6.751804624,4.293550305,182.4909438,13.50800897,3.100516182,6.138391649,32.23439237,4.037091077,8.478922182,3.0990922,5.86721361,2.251503775,0.2169003696,3.680409305,0.3399594195,2.086775656,0.3703410013,0.1056433931,3.333525039,0.6541382707,19.76258852,12.02122605,17.02424948,8.824050071
168,Y199 (5.48),199,5.48,37.05828983,255.2904544,2.475286334,47.37598793,20.91615886,262.790059,15.94478466,1.347141474,49.33867871,4.484945192,45.4605525,23.31664871,5.316260362,4.982529268,1.672595719,0,34.94037047,0.3709346454,23.27737911,2.319848364,0.1380931409,2.245259239,20.01006367,37.76963721,76.028255,17.73052913,20.11018061,34.90496609
169,V200 (5.49),200,5.49,0,0.866878352,0,0,0,2.815169923,0,0,0,0,0,0,0,0,9.883070291,5.027373019,0,0,0,39.51961752,0.7015305802,0.5544724878,0,0,0,0.1665512585,0,0
170,P201 (5.50),201,5.50,0.8968152328,0.8224305925,0,0.5667701023,1.109596464,2.045177906,0.9609484391,0,17.99670481,0.7679687104,7.421798961,11.57445911,0.1889690951,20.08489989,107.2324708,142.496375,2.456785312,63.01802139,8.336242659,6.107556801,0,1.870315766,76.4440015,0.2925715145,2.160005461,2.298467499,60.47549346,0
171,F202 (5.51),202,5.51,6.549769142,1.430443163,0.8109354074,2.656413913,0,16.38969545,1.107609893,11.21590311,8.223075504,2.248998027,9.934048346,0.7787334802,5.006906825,0.1559614521,11.98802722,20.71509757,17.2504982,1.320915425,21.32717897,9.674585735,73.85675736,80.64379478,15.19102766,3.137199166,20.48362061,13.24050493,14.29670109,5.085891098
172,I203 (5.52),203,5.52,1.78900723,4.914576842,0,0,2.943812373,0,0.5807916364,0.5101524496,1.275880556,0,1.044730124,0,0,0.4637188115,0,0,0,0,0,0,0,0,0,0,0,1.165660132,0.8651287734,33.43742667
173,V204 (5.53),204,5.53,0,0.1597053004,0,33.75272415,0,0,0.830317634,0,0,0,0,1.009562176,2.588882221,0,0.6828457597,0,0,0,18.93722764,2.738224777,0.5084341422,0.9314334877,0,0,0,0,0.08665524838,0.6282294423
174,T205 (5.54),205,5.54,37.83355916,54.73406315,0.1973354608,0.8279837952,0.179462363,51.30295641,0.3005606892,1.054343887,101.0077297,8.502507042,55.21379503,30.19481484,68.53431333,6.325822234,1.479829439,5.089920501,34.17428116,2.945923396,0,42.97993023,1.334500153,10.5246023,32.33644119,59.63837087,111.1363982,19.25213362,17.9098276,0
175,L206 (5.55),206,5.55,2.722087509,8.973619826,0.1906727871,6.530761742,6.443424128,20.46696009,6.754842077,0.1463312097,0.1219599419,0,0.2514176899,0.171723616,3.615932809,0.2976279358,8.837967557,0,0,0,8.943925093,4.276682732,0.7015305802,3.984469119,0,0,40.9913148,0.1665512585,0.5304064078,0.1040045417
176,L207 (5.56),207,5.56,0.1737517491,1.453381757,0,0.1769027122,1.109596464,1.800944203,0,7.268578022,14.87135789,0.4881575847,14.45644346,10.71886716,4.754759811,17.5838687,106.2698701,150.0759873,2.25222853,21.15454088,0,6.562337265,36.07592639,0.1600314586,86.2139403,2.651646129,19.69481163,14.47343797,63.38134156,3.628013157
177,V208 (5.57),208,5.57,0,0,12.88699101,0.1630776605,0,0.4172203135,0.4602256847,3.38312672,0.7806639636,0.8085723773,2.184072829,0.08950940331,0.3253437357,0.5605161731,0,0,0.7087305721,0,2.59928785,0,0,89.17968807,0.4501111647,7.729828443,0.7268892619,0.3011049859,0.09358774729,2.970993333
178,Y209 (5.58),209,5.58,106.5244589,7.836524948,19.16182086,20.52947508,24.67043993,38.13960164,9.220788728,54.24311552,71.46447819,20.58369517,29.11535226,14.03566129,22.67029405,9.871651789,5.460495773,5.399029614,91.15122018,6.039392102,54.89620267,8.292237327,29.18644849,22.24261214,6.123899145,1.94489068,22.67757548,33.4198795,107.9653936,124.1315141
179,I210 (5.59),210,5.59,0.5900407183,0.419771854,0,0,0,6.069249458,0.830317634,0,0.08751169504,0,0,1.091268718,1.025316031,0,0.3315928999,0,0,2.113999627,0,1.926153727,0,0,0,0,0,1.283213467,0.08665524838,1.02077443
180,K211 (5.60),211,5.60,14.08001443,54.93810485,0,75.79653295,13.80630525,48.03558084,6.931338388,9.279075911,183.3970156,10.79026148,219.9963169,32.14284317,100.1059181,29.33913766,125.0827362,177.7588955,31.19010861,19.55141114,60.39925131,61.15823503,58.85376015,154.2849911,187.9466127,84.85697731,184.1748461,11.65856915,237.5474385,23.23894904
181,I212 (5.61),212,5.61,0.1464765645,0,1.870163502,5.715082271,0,0,0,15.20139536,0,10.52084896,0.2301465519,6.95656581,0.4367497121,6.942421448,0,0,0.6246517227,1.391300134,0,0,0,0.1164442691,8.759440409,2.572134317,0.2004118298,3.845409277,0.3438462518,0.1215056325
182,Y213 (5.62),213,5.62,74.04018355,26.21532836,11.23431348,21.07763126,22.55608578,11.50146792,7.090719442,81.93604651,189.0328493,14.0366091,5.889057603,29.04811654,275.8015181,51.39751874,4.474291899,0.1417811209,81.97169748,24.70402367,15.31193759,0,1.864188881,14.63295351,6.863729576,7.882810614,5.708424275,21.24314731,5.840718344,127.6912016
183,I214 (5.63),214,5.63,0.1386780751,0,0,0,0,1.860437299,0,3.270834409,0.5785169892,5.250744239,0.6378243828,2.831006018,1.832100127,0,0,8.130623381,0,0,0,0.4039189215,0.1321375935,0.3795886446,0,0.9992835137,0,0.2789326731,0,1.639299102
184,V215 (5.64),215,5.64,0,0,0,0,0,0.7667632194,0,0.2408869879,0,0,0,0,0.5310611421,0,0,0,0,0.4310068059,0,0,0,1.038618991,0,0.0831874843,100.7610888,93.70133238,0,0.09594538293
185,L216 (5.65),216,5.65,4.307246222,0.1597053004,4.029646807,104.7439107,9.076113473,15.70457719,5.259037051,49.89309593,16.95935398,104.8676542,15.32252504,74.92978999,2.547631014,4.866406336,0.8987883176,0,3.072137478,7.715833454,0,4.865783632,0.2296338961,5.19936411,10.40296665,2.520253104,148.0288496,3.095088218,1.086396264,7.305642795
186,R217 (5.66),217,5.66,35.55393782,65.3010535,357.8819282,105.5249189,24.44154043,165.1796363,26.50047295,105.4519277,238.2310877,63.89241868,244.0255682,154.4781956,120.6214582,53.72654543,158.7119299,200.7096836,91.32070561,36.58547164,171.6516008,120.0436496,93.78967832,188.9070625,204.8185056,107.7907054,201.6851653,27.43721378,242.2829016,136.2539498
187,R218 (5.67),218,5.67,8.59520968,1.932388282,37.72131026,28.25587454,43.55932265,21.2132169,21.26724455,24.07646587,13.53759911,28.342154,16.25846773,20.35523849,21.92722538,21.16821738,36.35682576,28.58522923,17.43995067,27.72361988,41.55838989,9.749106541,29.39022194,53.3741248,21.89701799,5.153119477,34.64822095,12.59591397,6.108921906,27.6691739
188,R219 (5.68),219,5.68,184.9425292,290.5965725,231.9854793,298.762101,417.0608559,190.822152,67.56690213,208.7309743,206.4569216,37.6905649,52.87018977,75.12056875,254.1205517,64.33928418,524.9677803,382.990275,165.1111126,68.55123494,546.1625204,306.0885469,410.7968759,349.0833384,128.9290167,13.17202117,137.5494011,185.7993553,29.24606026,218.7730091
189,R220 (5.69),220,5.69,255.9506559,121.3312337,397.3146302,272.2378777,178.1887929,182.6327613,283.7294117,25.92322776,139.0951905,393.1973595,288.6557345,17.50401476,83.85077327,231.1634574,158.0249159,490.8627176,246.5281307,459.9862389,116.7573957,294.1329233,412.5258863,62.99954251,126.2649382,141.6074986,387.5804293,176.4885872,166.7669271,31.19847818
190,K221 (5.70),221,5.70,34.64293235,24.00129029,43.19935445,12.5901403,53.75086067,22.02594738,49.35935218,20.8915929,2.5873016,2.888207352,24.38465817,13.43630115,15.55950389,12.29915795,28.50796076,64.29271296,25.05625538,40.01060602,105.6754546,6.732051225,33.75055151,41.13590378,14.6083526,0.323363165,16.761412,26.82461337,10.99816482,7.200603752
191,R222 (5.71),222,5.71,41.88428688,72.66861093,151.3399519,55.03328029,65.19156991,37.53481621,51.40145674,25.99561691,38.30518039,39.21471118,33.64765199,78.84355031,20.6048503,13.93875406,193.9996166,53.21571193,21.37969102,363.3293559,33.51753906,39.95071277,254.7160136,42.32593631,30.27995527,16.922589,36.19314617,41.88915118,19.55050258,21.54746583
192,V223 (5.72),223,5.72,143.1066838,29.01356854,25.03890821,18.47408003,15.34005333,25.51775404,31.93503494,79.24178512,40.33924905,45.41133153,29.80908459,13.03365222,28.4383724,26.3358443,24.18149038,12.54877287,13.47747892,35.47822543,16.02666786,14.01653594,14.02811125,37.6031741,15.43232564,6.232119596,34.70720048,24.06533761,71.35879909,8.854905867
193,N224 (5.73),224,5.73,45.71156393,139.6244373,62.1305962,98.33326536,88.22031616,102.6193057,67.65964873,93.96558935,209.0689601,189.1893171,133.702778,40.32128829,65.22348472,118.4564285,25.94517575,18.8514689,11.24807598,41.56924679,86.91160078,33.18620181,24.46668542,467.178501,89.13229225,14.07990133,166.2719967,63.19226319,39.70667307,20.12725277
194,T225 (5.74),225,5.74,32.77209954,58.99094529,28.68607764,52.39892524,30.69561913,33.15106059,36.07497998,7.734638213,22.30936152,11.36592608,14.783543,56.30256994,48.18605344,7.767966703,27.33633473,10.40845771,11.68470609,56.51524579,39.8654641,205.0754864,27.0112433,27.47182387,19.86880179,66.15475585,47.80447941,16.69688295,75.52474781,2.937239299
195,K226 (5.75),226,5.75,74.76549519,42.49910101,22.22393774,59.59618531,42.05150061,35.89975736,43.47809319,18.17082697,26.98654044,11.9681518,13.50898953,14.20643146,29.21744856,27.19328421,64.01333919,8.84518872,20.61532244,90.15385344,99.5737903,30.6233079,107.5809833,32.55407472,18.18113929,23.35106593,31.78201266,9.463237321,34.43774823,11.05397736
196,R361 (),361,,114.0601991,39.14756136,83.54193557,245.0231586,288.8760423,70.91571031,250.9964897,23.90037113,48.66282611,14.2667931,45.72829459,17.21894041,14.66332328,10.31792477,56.35504138,37.81368711,24.18580153,27.47443791,271.9446816,16.83791427,58.73408995,28.21357177,29.05396178,17.77521313,45.14436174,25.5007437,57.54009583,13.02791577
197,K362 (6.24),362,6.24,51.30737335,0,56.50257594,19.90003047,43.22578127,44.59347464,67.41439722,7.156256678,7.228249434,20.49125837,3.753745997,10.34306855,3.544686072,2.735197386,41.42667923,70.57905954,57.06365929,14.00239766,65.36872395,27.56855236,5.739703967,34.59444396,16.08168096,7.910925095,0.7686003671,6.97170884,2.633316054,11.32184734
198,L363 (6.25),363,6.25,70.23937166,0,64.74157637,4.901603189,18.89883521,5.8717012,84.68288026,0,0,67.14577457,0,1.281174586,0,3.293510458,98.55632261,46.81831998,32.9301638,0.6995517584,49.54065295,27.95766409,2.541279556,22.52450412,22.68303787,0,0,6.322783984,11.38960997,33.07923746
199,S364 (6.26),364,6.26,2.856978929,0.1894819375,911.4095031,0,42.06866076,3.372519627,43.28471697,19.15684879,1.918167018,66.40845524,0.113190446,3.18876183,0,6.951462562,10.21587215,36.16443229,43.26227479,14.7517471,58.25791075,20.71538802,1.07942218,54.98371703,0.1018722271,0.6150920835,0,4.951585579,4.453042044,21.33276361
200,Q365 (6.27),365,6.27,308.5948768,63.32767207,37.32092773,7.319723388,287.957044,68.50447882,250.2526021,15.79685705,4.291568797,21.46442549,4.879603074,77.40792372,3.066692971,9.532954507,70.95728339,454.2880191,109.2121691,29.77934041,251.5413055,188.1692119,18.690101,423.6861731,87.64849326,3.979918497,2.467111807,16.00447287,47.4333037,153.4137666
201,Q366 (6.28),366,6.28,0,0,0.4125341156,0,0,7.802888665,27.39507625,0,0.1092031046,0,0,1.64623962,0,1.478056459,24.61806036,2.145014588,30.21069005,11.02045179,0,0.783122173,5.223656282,14.62710914,0.08480977313,0,0,1.343774127,1.648110034,6.591938687
202,K367 (6.29),367,6.29,48.70926116,0.8427028331,9.954489212,31.45577371,2.743366978,51.60692303,335.8552041,8.694916841,5.75971071,5.67723906,3.999406655,25.34342526,3.733673087,0.2161419528,21.84707454,6.596472612,192.5411177,37.71291566,18.63861542,0.3118235256,20.70199288,21.18657258,1.401211388,1.684348084,0.5485233135,0.3923773829,4.987936081,4.937869187
203,E368 (6.30),368,6.30,152.2024951,207.8720558,13.42064917,538.3561452,333.6957314,143.4301596,326.3238093,193.3259113,140.5388187,365.556956,299.7947574,104.6277023,1.756115394,212.3668966,447.9975804,19.6267694,96.5665305,529.3579019,902.2660893,56.90769752,439.8821768,45.08793729,90.21163435,98.38889774,45.90422206,253.8160475,17.05941309,10.20041572
204,K369 (6.31),369,6.31,11.82438201,17.34511327,1.400685608,2.848843827,11.75308847,215.2800622,0,21.57351254,1.472911731,3.929255657,4.616194626,3.939514962,2.90605464,1.802467597,187.6367416,8.417999857,9.680489743,532.385513,17.84517355,4.527486689,24.87098261,13.70618954,7.788393387,0.5871721338,8.432913274,4.200212482,24.81466235,4.698890699
205,K370 (6.32),370,6.32,567.5945957,312.1144307,940.9990979,589.9239678,333.8021707,266.2868951,950.0625247,41.77485038,107.8645775,0.9537305796,15.65033554,90.46811161,14.36602961,13.65526897,226.4500576,388.6043127,144.6163535,192.1885819,59.60436188,123.0270457,245.2617753,483.896737,86.36456812,6.026555857,1.977319256,3.095413983,40.71074139,112.5939045
206,A371 (6.33),371,6.33,1.898730852,0.3528040476,0,7.458540485,0,0,0,3.061390907,0,1.903980614,0,10.99719593,67.70506882,0.6153204339,0.4367146038,0,0,0,0,0,0.9750623093,0,3.096948962,3.813981966,52.45486491,3.348084452,1.090609266,0.2867141317
207,T372 (6.34),372,6.34,0.8043567601,6.647081306,1.831798436,10.26519285,0.1517453853,144.9331943,0,3.972158714,1.963370277,1.194900501,1.841792072,1.06608431,2.112915787,0.7745833703,2.478612397,2.791952915,1.993825799,3.556844882,1.514492605,3.459225098,22.4374341,5.111337451,1.555022525,0.087607606,2.387107698,0.3586197996,13.98390624,1.523642772
208,Q373 (6.35),373,6.35,16.74365685,9.677651474,8.335295415,28.08013412,22.38494218,19.31096782,2.133965696,4.277726352,3.278076198,3.403203447,12.24196214,7.994199915,8.530298949,8.153991185,16.11499057,11.16145714,37.40890057,8.078990623,13.87141277,53.00459659,226.5900326,15.69906546,8.064076001,5.765030387,5.762959384,4.046863431,8.206155437,27.65212529
209,M374 (6.36),374,6.36,106.2181592,48.76319613,87.75272708,20.65615856,398.8325915,262.5218874,71.34753276,262.1940954,20.92026612,410.061467,315.3891622,138.2899759,59.52846113,252.2462519,206.6265842,29.55556109,275.9739555,697.1079822,1010.471948,78.41305812,40.27586606,38.608211,145.038541,124.9611845,66.33247432,275.2706619,124.5135143,25.11535471
210,L375 (6.37),375,6.37,37.18533481,0.5334105777,0.7282460361,43.49604155,2.123957568,187.8729253,26.02611943,99.23734317,42.40423983,23.12979426,16.74784027,6.504911762,5.933550907,16.87682747,4.546736477,0.2654611414,2.215830487,0,24.55399789,6.992161661,9.222133638,2.133272703,28.2448536,0.6158536833,14.20744251,12.51932058,16.23202849,156.823117
211,A376 (6.38),376,6.38,6.933888051,0,0,0,0,0.2649489717,0,0.7168193995,1.892525107,15.44796991,0,6.372963885,87.47273744,0,0,0,0.6102243877,0,1.278307876,0.4023251436,0,0,0.2185096235,0,0,1.356269349,3.629574367,0.5736757537
212,I377 (6.39),377,6.39,0,1.693252002,5.535944461,0.4634025592,2.381908732,0.1504270096,2.596806829,1.706072731,0,5.135894784,2.780508044,0.3123694024,4.789025407,2.013538905,1.529353489,2.791952915,1.966529494,73.58606974,12.07413221,3.326832528,0.1361679645,0.8189450976,5.585907794,4.625032731,4.482483623,0.07281914364,2.708558168,2.578085928
213,V378 (6.40),378,6.40,1.994285072,5.983392622,15.93069423,120.3899004,49.01129483,7.509722967,36.47264118,1.558337251,6.284412546,2.280541312,1.374230401,1.889542393,4.997558538,4.109893109,22.48157701,33.99866353,30.20904215,0.838368975,14.11060422,60.50489791,247.1656714,21.11884402,3.429662768,0,3.144029632,7.513395276,0.9651526284,106.1773826
214,L379 (6.41),379,6.41,18.52644747,0.4513881674,25.34593985,1.778126999,6.881023576,201.096671,14.28243672,111.3948821,11.47980009,4.142601565,9.525029676,9.24575075,25.029397,8.582703745,3.156744903,7.460706337,55.02915578,6.335501128,29.53204515,7.646638732,6.313816469,9.08946344,4.74946007,3.836681199,9.902172859,2.831500712,141.1756195,50.5980432
215,G380 (6.42),380,6.42,0,0,0,0,0,0,0,0,31.6201512,0.2663909328,4.984576889,0.07422388921,0.2261197437,0,1.07301706,0.2654611414,3.5600274,0,3.828432114,1.120336813,0.142615897,2.133272703,0.2608343713,0,0.9777903937,0,0,0.8498505275
216,V381 (6.43),381,6.43,0,0.9771369718,0,0.4934422548,0.3906703566,0.8335614709,0,1.017527269,3.636632198,0,0.2122034416,1.519649154,0.4521063422,0.05877299633,0.4738329211,0.6031871536,0,0,0.8123980926,0.4023251436,0,0,0.4614761397,0.3364258716,0,0,0,5.701243875
217,F382 (6.44),382,6.44,7.250196583,550.8727138,232.368353,90.65266476,12.34945251,199.2745679,13.9665789,98.62331168,2.181293854,5.758073468,0.6490505733,9.232235609,157.3948905,2.791023064,5.369886849,27.7879088,10.60954175,5.402785762,0.4619657579,3.668823612,22.69773883,29.39528936,6.369407866,2.756634821,3.280014003,3.02020975,96.94646116,27.46366325
218,I383 (6.45),383,6.45,0.7604743401,2.249692125,5.109543288,4.137739924,12.47716398,1.888937123,24.56672739,3.438113787,0,0,0.07652111438,0.3286777716,1.668365704,0.5603472859,10.12055802,2.470128424,2.275999818,60.60679574,3.197894235,29.07708844,21.69124742,1.025393497,1.384514471,4.091171354,33.50874715,0.6428002397,1.307676448,0.7787266774
219,I384 (6.46),384,6.46,7.37928057,10.75745046,2.720703763,5.188382655,7.764241315,0.5773646845,7.641571317,9.256959314,4.14419796,2.517826397,0.6808418454,1.102182224,5.264609035,0.8645624607,3.156744903,6.397597705,21.61355255,5.014585704,8.517179992,0.6600646255,9.43362922,9.163930072,1.372572,0,11.82998885,2.865332922,3.349647209,3.48396056
220,C385 (6.47),385,6.47,0.3083981905,15.90244053,40.31698991,302.5550606,175.1574445,4.507800506,8.729062391,9.827860894,32.29923038,8.974877446,7.226984861,4.952355643,6.590352751,0.1481946883,3.073252145,45.93573922,26.98187375,0,11.78640348,1.276199618,11.75313119,3.72624674,0.09060955296,0,12.21837308,0.4099410777,28.8930457,6.588397351
221,W386 (6.48),386,6.48,22.39749826,470.834303,113.9829687,106.0247901,31.98189122,285.1392064,125.4831703,117.3918462,3.316702811,9.373441502,26.92255112,8.210101953,126.3003278,0.2005007488,4.078691522,9.764331086,3.538635508,0,176.3847162,3.633411158,2.693525683,18.38864869,9.476837582,1.976813815,15.07647892,21.74677649,33.85343491,7.5657775
222,L387 (6.49),387,6.49,0,0,0,0,0.1484803637,0,0.7777281066,0.3835607534,6.92292345,0,0,1.593215145,0.7619181122,0,11.96608024,4.545051537,1.573156578,0.5976845978,0,0,0.7431524649,13.95149371,0.7016469224,0.3364258716,0.4564445516,0,2.747757497,0
223,P388 (6.50),388,6.50,0,3.889008037,1.659613555,0.3391925364,2.48649964,0,1.832357969,1.814481888,0,0.1862855795,0,0,1.341457869,0,0,4.364336653,0.1709530292,54.0949482,1.895123621,0,6.930448614,0.8102447801,1.384514471,4.18928067,0.9055407309,0.6049240059,7.262162815,0
224,F389 (6.51),389,6.51,5.688815815,60.752804,73.9820831,81.41819344,85.89951721,2.970169213,10.87283033,4.20639505,3.552866274,3.374853752,2.58293512,4.717434559,4.680887899,10.09881815,9.187083688,0.1958229359,24.40764144,0,12.5814792,28.85125806,6.838128154,1.355162121,1.001375801,0,3.175637078,4.072482548,7.595600748,0.7223126514
225,F390 (6.52),390,6.52,3.516244858,5.565416487,6.66235517,57.55260363,11.38701728,6.167419388,4.800387085,104.0921635,25.58197481,4.848132378,71.71974521,15.20389013,33.09595825,8.732397876,0.9252576169,2.328912477,16.79831523,0.6874098574,128.5757037,0,0.2803578047,0.114362686,5.548369718,0.1918036917,24.28385163,20.06668443,20.11691393,24.4252105
226,I391 (6.53),391,6.53,5.25786104,14.10815989,14.88365026,1.392188523,0,0,25.29498918,0.7679093728,0,0,0,0,0.4879626228,0.3609832013,2.50047993,0.3452139382,0.8427473502,0,1.594354324,0,0.2013640182,2.574320812,4.595832233,4.730660732,2.610099915,0.2128309198,0,1.242148514
227,T392 (6.54),392,6.54,10.4856517,0,22.8965729,31.79917545,0.1669103334,0,0.5373012783,0.8588704963,0.3866639952,8.647477303,0,1.593215145,2.764273963,9.613351741,12.92905688,39.34210727,2.446184178,1.094183912,0,0,4.460044933,15.07874431,0.4586804061,0.3364258716,0,0.06555704787,2.747757497,2.013510954
228,H393 (6.55),393,6.55,3.408452067,46.23304541,37.39758751,38.24767317,64.79080512,0,104.6846823,1.03583352,8.614993739,1.545221159,0.7500646152,2.394499906,3.15422127,1.662027542,7.186348311,13.00510601,22.79781728,77.65798229,45.18259413,12.16405307,12.66430162,1.503426865,8.77768889,17.67386584,7.929455755,13.57038631,6.605280242,0.8943107543
229,I394 (6.56),394,6.56,0,0.1436279088,0,0.245999311,1.949206152,0,0.2087876709,19.39642686,14.24411495,0.9707468484,51.26393265,1.626449711,12.474808,6.50855947,1.320738222,35.60784804,0.3817556949,0,15.73726402,1.297783277,0.6090543089,2.168387622,3.217565291,2.729895682,2.124492596,3.481277778,3.419560881,4.316523048
230,L395 (6.57),395,6.57,0,0.9627119573,0,0,2.219692623,4.737103626,2.180674969,7.317004368,14.94247713,0,2.231281798,4.964338036,2.297213996,0,2.165119988,11.83059204,7.513370063,1.586597311,0.1481884623,0,0,0,0.09797265248,0.5587621179,0,2.267964658,0,0.8572295192
231,N396 (6.58),396,6.58,5.9192243,11.84933374,14.88365026,8.978500312,41.12959865,30.63311324,25.73703983,0.5848103793,6.618489209,0,2.585411176,1.349904981,0.6560916542,0.1311907346,1.422376871,5.301534852,0.7012144145,0.8285372582,4.517714124,0.958344217,0,3.347448078,4.331703061,1.911441374,0.07441139849,0,11.95005109,0.5747115887
232,I397 (6.59),397,6.59,6.607574085,5.935544524,14.33211775,7.95429018,9.761347387,3.482534474,60.79952939,5.06940159,8.330297877,11.7879379,6.043069326,3.826372515,5.142854508,10.40022685,5.113640327,57.45613641,2.944465391,8.085814551,2.604466168,0.131823174,4.73556742,1.038814182,1.009187176,15.49446987,0.4842867324,1.354138383,2.717873054,4.04374766
233,H398 (6.60),398,6.60,4.208893134,20.51424138,14.92501059,21.59544563,1.743675147,2.687007854,31.08811022,1.735775184,4.067140741,6.171976996,4.759891805,1.838332551,2.572705106,2.665152569,6.54627742,25.45242729,16.37598224,54.08658773,23.30384976,4.278647339,7.295145654,8.596074256,1.975161074,0,1.809998974,5.239675827,1.9367622,0.4635586159
234,C399 (6.61),399,6.61,1.011970469,13.72220683,2.73239224,25.50789763,0,0,11.46021579,6.860607762,12.34341501,0.1802339472,2.131486153,1.851459749,1.602184321,0.5612114916,8.266088302,5.616217286,8.160301621,39.61566519,4.469836584,0.8055023461,1.340776083,11.22839094,3.688301553,5.736330371,0,2.470548333,2.87692099,0
235,D400 (),400,,0,2.529812151,3.10334429,3.363892464,0,0.7002656657,4.221313749,1.382329768,2.494791552,0,0.5581764799,0.1992789413,0.1899087006,1.230461832,0.4131453576,3.206563312,1.857061983,0.9113747093,2.040224505,0,0.5648081318,0.8125569265,0.9755409463,1.100301631,0,0.5369640318,0.6662534515,0
236,C401 (),401,,0,5.720648527,6.687721255,12.18010057,0.6260082536,2.712056056,0.5373012783,5.820750118,10.25218869,0,1.955800802,3.143237799,1.955924687,0.6890209767,1.310109001,0.1573523779,2.896649403,9.422787238,0,0,0.9285468257,0.9079679588,5.383693166,5.033616426,0,1.872188858,5.27065949,0
237,N402 (),402,,0.3366558526,20.30837216,22.30656667,36.59174335,0.2827310274,1.127779433,7.403662822,0.1904471121,5.420885004,0,1.619127889,1.349904981,0,0,3.727160121,0.662116503,4.847449816,29.10303954,0,0,1.005963996,2.754265672,3.193785516,1.618318419,0,0.1507173998,3.465477151,0.4490955634
238,I403 (),403,,4.899590511,1.957663388,8.979677184,0.910030672,8.91996721,7.953247807,20.35834106,0,2.084188111,0,0,0.09963865429,0,1.113423144,1.595914957,0.4268654992,2.974903148,1.716621863,1.029034566,0.8651080805,10.0264116,3.33906561,4.787757564,0.3659135583,0,0.1507173998,0,2.63985711
239,P404 (7.31),404,7.31,0,0,0,0.1657887117,6.645970368,15.66005122,0,0,0,0,0,0.1960158429,0.08427184987,0,0,0,0,0,0,0,0,0,0,0,0,0,0,0
240,P405 (7.32),405,7.32,0.3366558526,21.23575749,0,38.40584081,0,0.7124206858,0,0,0,0,0,0,0,0,0,3.113737269,0,0,0.1522643485,0,0.4936404007,0,0,0,0,0,0.2621511583,0
241,V406 (7.33),406,7.33,0,0,0,2.241376289,0,0,0,0,0,0,0.08713367495,0.3317560543,0.2092874407,0,0,0.2271494896,0,0,4.057147665,0,0.5221746617,0,0,0,0.07754806473,0,0.7906798659,0.3708346821
242,L407 (7.34),407,7.34,0,0,0,0,0,0,0,0,0,0,0,0,0,0,0,1.61480414,0,0,4.527063512,0,0,0,0,0,0.1031451785,0,1.910489422,0
243,Y408 (7.35),408,7.35,5.891660368,11.35204086,12.61347558,72.80210529,22.55028262,31.04796284,6.15190767,0.129998063,2.860834628,0,0.7632734561,0.09963865429,0.2590372423,2.136664305,7.54304866,14.76388167,1.964320907,12.51448187,19.16817101,9.041387681,34.90537241,13.65242274,9.875847316,0.3659135583,5.728554296,3.493000257,10.79680394,5.998612904
244,S409 (7.36),409,7.36,0,0.8693981759,6.919217067,0,0.5599060639,4.792049694,0,1.827783726,1.030617821,0,0.1893289554,0.1960158429,0.2836381351,3.06956916,0,1.608675619,0.454157642,3.329873644,0.1730509527,0.5210839031,0,1.473336077,0.9492600892,0.3193859632,2.338447132,0.06672684675,0.6152116942,0.3974617335
245,A410 (7.37),410,7.37,0,0,0,0,0,0,0,0,0,0,0,0,0,0,0,0,0,0,0,0,0,0,0,0,0,0,0,0
246,F411 (7.38),411,7.38,22.86731887,48.98965012,7.528320676,6.740275401,10.25511114,20.49574673,1.362823124,1.773797167,1.070479727,12.79500441,3.077144826,2.522264585,2.015309661,33.03526453,4.368672141,46.96196317,2.765248103,9.357809602,16.67412051,0.8262312443,28.21541393,5.057325798,0.2642244395,0.4579419078,6.269798439,3.069966401,15.957261,2.911865193
247,T412 (7.39),412,7.39,0,2.068380698,0,0,0,0,0,0,0,0,0.2240921033,0,0.2897467847,0,0,0,2.916550411,0,8.755844375,1.639503914,2.551519988,0.2552420344,0,0,6.970900539,0,0.6824038513,4.404491307
248,W413 (7.40),413,7.40,5.010436491,71.34543184,0,74.99608814,63.99190762,21.06834389,34.86421552,49.38785327,48.0635967,42.82690551,48.57089016,16.98433401,69.98135076,41.55244128,12.05307477,22.4309221,2.772065365,13.86114117,5.294376287,21.9497446,32.49354802,97.86552954,116.1714648,21.72576184,8.812710919,48.00061131,17.11256435,150.6116995
249,L414 (7.41),414,7.41,1.080532487,16.36805483,22.4690639,0,2.803242184,5.791635064,5.659967879,0.6678711634,1.837589756,6.262784723,1.043432089,1.092384463,0.9136720449,4.358959088,7.983860571,22.96106695,0.978667233,4.169155692,1.045016197,3.212231301,19.32700681,1.418503039,0,2.352907014,3.091628211,0.3229153907,0.6386040493,0
250,G415 (7.42),415,7.42,5.546805223,0,0,0,0.9545932187,5.908223076,0,2.672322742,1.030617821,0,0,0,0,0,0,0.1474675412,0,3.329873644,0,1.49487608,0,0.604809189,0,0.2235743324,2.338447132,0,0,0.6486715588
251,Y416 (7.43),416,7.43,339.5875079,40.43090867,445.6058022,368.6643393,470.6171287,29.00984671,15.79671195,50.06289058,6.250830241,91.54418417,14.70312409,12.4928846,15.13519531,53.56273986,1.512519032,10.34037057,11.5754533,4.668899045,464.871364,19.59058791,38.38765608,8.753670425,2.435763597,4.094803387,27.71487487,113.0473931,17.81445063,7.924350039
252,V417 (7.44),417,7.44,46.2806549,0.9705867417,12.36341903,8.931161564,30.89117228,1.071892524,0,8.1624814,0.214335332,188.8384171,2.553916863,1.144396874,0.199535603,165.8304396,0,0,2.069949401,0,0,0,34.6117626,0.1232214335,0.1428925865,0,1.703638336,0.1707031721,0.7990182246,0
253,N418 (7.45),418,7.45,75.62736702,171.2715333,19.47355863,848.6297659,276.5823132,162.4229508,13.74257162,252.4189451,19.4259347,32.15205276,49.8939254,42.01574962,16.26796686,12.00390249,17.40474184,16.45494003,55.48861293,9.021843275,4.642987494,3.06669477,37.10911586,95.12408867,130.9483193,25.83575437,26.7746019,197.8846076,20.03296517,166.5715434
254,S419 (7.46),419,7.46,12.15002906,14.7797486,125.0087178,24.08025563,21.21711783,138.4380859,24.54938116,17.01670168,1.11888654,8.037933095,0.2278724912,8.458903644,0.2969523996,4.100382285,2.724307232,1.003947981,4.182781491,5.199294122,192.8874481,39.78868223,1.915717571,6.032500009,0,0,7.577841383,2.691860725,14.93945197,0.8379327636
255,A420 (7.47),420,7.47,18.65823812,7.546928304,468.4949697,14.54058823,17.73931473,3.071495993,128.6352226,10.21645247,1.911412158,5.962805892,1.860401339,23.22277646,1.177678406,4.062213178,111.6868094,48.29278556,23.26829521,25.02986013,0.6639693497,36.88551112,8.28632689,15.62383197,1.656256618,3.737974129,19.03214571,2.0982572,2.900804277,0
256,V421 (7.48),421,7.48,360.6919879,9.678785117,16.07310925,5.665337189,6.35007124,1.574174116,7.171077143,7.487670699,6.158304528,4.223564859,1.986218171,3.221171705,6.470123036,5.370787079,20.45435414,80.29115457,8.279630873,30.63153813,3.991031902,18.49409374,53.28395224,15.79249461,0.917168871,4.556357582,57.59290762,8.96150058,3.653189762,2.897648075
257,N422 (7.49),422,7.49,196.3370609,825.0334942,932.8917246,31.30592738,1121.384209,367.930255,22.75286578,52.99950616,0.3016716652,278.6095924,154.7021022,18.71933517,3.209690507,186.3319394,0,1.12439214,65.61674724,0,722.6888526,7.179581928,209.6397218,0,0.1211486089,0,29.9011914,2.406023885,26.76427345,14.16415641
258,P423 (7.50),423,7.50,10.45869591,3.551108564,8.93100886,908.6675816,18.47701863,4.395626278,10.62783878,2.272241141,11.93339924,9.032995288,1.24511318,37.00665661,0.6372290405,3.179423615,22.30253913,9.029678112,9.633838469,31.02795195,6.548016594,0,0.5773116575,17.17230023,3.56631531,5.295755273,2.737930572,2.129588453,9.056504999,2.024938732
259,I424 (7.51),424,7.51,11.47034527,1.84739767,2.64665971,7.725755377,4.037554257,0.1935356392,0.1817855603,4.027075509,0,10.87683119,1.088224232,4.21155044,6.134072529,2.680559797,10.75255324,21.58592999,1.891924403,0.6703299553,0,9.946423571,1.50364282,138.5728352,4.322249219,0,3.705187482,2.038024678,4.082104147,0.08067300541
260,I425 (7.52),425,7.52,19.93121358,11.08119902,3.766285608,45.33507917,16.06802777,10.59808372,151.0526506,247.3980845,30.35482078,9.302456112,13.3093964,89.45395598,27.0368387,6.030772897,121.9093234,103.6683375,65.25198118,32.90206754,14.75894437,39.69687614,10.05637694,27.7876296,151.0461057,55.76910885,14.84608874,209.1565289,8.400230902,0.3234658741
261,Y426 (7.53),426,7.53,655.6814042,999.0341653,1042.124346,763.2281598,1352.994817,423.8604699,1051.455947,373.9650501,90.25523783,466.3697312,322.6269768,269.5607017,19.89928579,239.5396167,332.2313889,136.631233,95.06044377,796.2142001,760.5317593,37.51023806,299.7829862,102.2883439,14.1070868,13.98370828,138.4996457,150.4330194,80.38616014,4.187234441
262,T427 (7.54),427,7.54,32.7781779,33.25941035,3.548868418,26.33649201,6.485260669,18.01373621,58.47774841,6.744230803,16.96711858,32.32639954,11.00374383,25.11401362,12.67105276,5.779973301,22.46387749,5.335005425,11.02756731,32.42891698,22.39728554,5.845128347,30.4466811,36.69758332,9.736299568,2.300660612,9.692878049,11.40901995,4.615809693,8.409453567
263,T428 (7.55),428,7.55,8.991920024,13.83604765,2.466130795,11.5760711,20.87687104,3.616032294,18.83899474,9.130863946,87.61893113,30.30808798,11.02813281,15.0969876,11.29802812,6.528318202,10.79064163,10.06037524,14.33282777,187.787435,9.720349295,2.101733709,12.0875799,21.87511115,10.19575867,1.493870568,10.63564062,8.166357592,1.010559796,2.507053417
264,F429 (7.56),429,7.56,678.3402903,330.4196404,1056.904242,684.1633409,1149.639302,523.2594717,1043.122666,68.66556265,177.4986946,58.78041287,20.49047993,296.7113906,51.0342133,59.92887282,245.6912975,457.5185068,238.4049251,39.78253534,523.4006108,75.0025763,281.200826,559.3944518,42.57857275,67.79479634,79.87933468,40.48305112,82.00578105,32.71053501
265,N430 (8.47),430,8.47,81.60671267,19.37633832,45.15535246,14.89235265,40.64572865,78.2458881,31.53260115,10.42447215,78.3948932,23.58722199,14.7111315,91.49425575,19.9753978,14.48417661,26.28592959,43.95758368,41.19510422,34.31423538,48.8991297,24.72371426,36.75309348,25.11718239,53.06011672,0.9612077056,13.2536564,21.94547318,2.976451367,9.002022887
266,I431 (8.48),431,8.48,4.123579409,0.1326445061,0.5461017947,4.370684579,1.341364512,0,5.942323389,0.4311588769,2.254152553,0,0.7043847821,3.118825233,3.844225898,0.7155240004,1.105394373,8.023780195,1.429233597,8.314619232,8.453593624,1.232963396,1.959359284,7.151228672,1.143165906,0,1.504350284,1.348856454,0.866962146,0.7617805268
267,E432 (8.49),432,8.49,2.351480167,0.3330791581,8.102139963,5.19830365,1.823344001,8.035690481,5.479857846,0.457726366,23.38103514,2.025379383,0.2561641844,2.982866026,29.82514765,2.030946955,2.717150984,70.50111714,3.884760059,76.81655853,10.09932322,3.556905981,2.125670001,3.962753061,10.31428923,4.633185618,4.326586639,1.792583537,2.8614636,1.340925181
268,F433 (8.50),433,8.50,263.0737972,73.78380065,369.5255682,846.5755901,10.93643025,164.6831552,199.0248164,12.91525122,5.336791146,17.17369449,114.3049893,4.085715117,2.893817073,10.05573947,100.559747,283.1385653,182.7236999,4.82679899,354.584986,8.614631597,413.0537018,213.5590326,8.766415155,34.95088009,9.843102895,33.69625348,5.051777061,2.655044886
269,R434 (8.51),434,8.51,85.40762938,15.87359574,91.11907099,30.50414505,362.8663274,354.0675971,42.50184747,20.25616168,14.53309271,11.17643077,19.94103161,17.12688603,27.7696492,11.42199451,52.38356954,79.72123746,57.32058172,139.3325521,432.2360514,59.29167182,50.55716209,60.3281213,18.13762245,11.13628083,22.65400076,10.70457189,48.40749103,19.05456941
270,K435 (8.52),435,8.52,0,0,2.626582525,0,0,31.73117778,0,0,9.971925375,0.6253178569,0,0.274369822,3.768847967,0.4815400641,1.173256476,9.359632611,1.347660959,0,1.245349715,13.23331004,0.381016397,0.4391766821,0.3235652676,0.325713221,1.415511325,0.1160659313,0.2823403367,0.3922168434
271,A436 (8.53),436,8.53,0,0,0,0,0,0,0,0,0,0,0,0,0,0,0,5.35501272,0,0,0,0,0,0,0,0,0,0,0,0
272,F437 (8.54),437,8.54,19.55828215,17.67096201,14.17011477,14.38472199,250.8626269,33.13587758,18.33081941,0.5318882137,4.526466816,15.45350903,15.59299023,7.985155847,2.210501674,0.8167864692,22.87471909,40.06451267,17.91974313,3.248893139,37.00826414,22.17384432,13.59318734,51.35239044,2.481381759,5.289228743,4.133854063,8.871557516,9.752825813,7.033667053
273,L438 (8.55),438,8.55,0.2875687899,0.1649185279,0,8.534214574,0,0.3326432399,0,2.715495722,0.1572469365,0.7782605499,2.618149062,0.6028516094,0.09168879634,1.207446911,5.782261495,7.180948535,0.5101343944,0,4.287959806,0,2.976870459,3.356061379,0.7787307884,0,1.393667508,0.491139683,9.436245351,1.384628744
274,K439 (8.56),439,8.56,3.332321625,3.68436264,2.091694512,0.5587140017,0.1994366274,4.918154216,2.246882003,0.1256096532,0,0,1.326628715,0.8384504388,1.44042102,1.18966923,2.200017873,24.8912292,7.479404443,1.08360046,13.02027797,1.372635445,5.382229527,0.4361636849,0.2217838975,0.9364518033,0.6829608718,0.8853724693,40.32313925,0
275,I440 (8.57),440,8.57,0,0,0,0,0,0,0,0,0,0,0,0,0,0,0,0,0,0,0,0,0,0,0,0,0,0,0,0
276,L441 (8.58),441,8.58,0,0,0,0,0,0,0,0,0,0,0,0,0,0,0,0,0,0,0,0,0,0,0,0,0,0,0,0
277,H442 (8.59),442,8.59,0,0,0,0,0,0,0,0,0,0,0,0,0,0,0,0,0,0,0,0,0,0,0,0,0,0,0,0
278,C443 (),443,,0,0,0,0,0,0,0,0,0,0,0,0,0,0,0,0,0,0,0,0,0,0,0,0,0,0,0,0